-- MySQL dump 10.13  Distrib 5.7.21, for Linux (x86_64)
--
-- Host: 127.0.0.1    Database: ojdb
-- ------------------------------------------------------
-- Server version	5.7.21-1

/*!40101 SET @OLD_CHARACTER_SET_CLIENT=@@CHARACTER_SET_CLIENT */;
/*!40101 SET @OLD_CHARACTER_SET_RESULTS=@@CHARACTER_SET_RESULTS */;
/*!40101 SET @OLD_COLLATION_CONNECTION=@@COLLATION_CONNECTION */;
/*!40101 SET NAMES utf8 */;
/*!40103 SET @OLD_TIME_ZONE=@@TIME_ZONE */;
/*!40103 SET TIME_ZONE='+00:00' */;
/*!40014 SET @OLD_UNIQUE_CHECKS=@@UNIQUE_CHECKS, UNIQUE_CHECKS=0 */;
/*!40014 SET @OLD_FOREIGN_KEY_CHECKS=@@FOREIGN_KEY_CHECKS, FOREIGN_KEY_CHECKS=0 */;
/*!40101 SET @OLD_SQL_MODE=@@SQL_MODE, SQL_MODE='NO_AUTO_VALUE_ON_ZERO' */;
/*!40111 SET @OLD_SQL_NOTES=@@SQL_NOTES, SQL_NOTES=0 */;

--
-- Table structure for table `blog`
--

DROP TABLE IF EXISTS `blog`;
/*!40101 SET @saved_cs_client     = @@character_set_client */;
/*!40101 SET character_set_client = utf8 */;
CREATE TABLE `blog` (
  `id` int(11) NOT NULL AUTO_INCREMENT,
  `user_id` int(11) DEFAULT NULL,
  `bc_id` int(11) DEFAULT NULL COMMENT '博客分类id',
  `title` varchar(30) DEFAULT NULL COMMENT '标题',
  `content` text COMMENT '内容',
  `html_content` text COMMENT 'html内容',
  `tags` varchar(20) DEFAULT NULL COMMENT '标签',
  `view_count` int(11) DEFAULT '0' COMMENT '浏览次数',
  `create_time` datetime DEFAULT CURRENT_TIMESTAMP,
  `update_time` datetime DEFAULT CURRENT_TIMESTAMP ON UPDATE CURRENT_TIMESTAMP,
  PRIMARY KEY (`id`)
) ENGINE=InnoDB AUTO_INCREMENT=28 DEFAULT CHARSET=utf8;
/*!40101 SET character_set_client = @saved_cs_client */;

--
-- Dumping data for table `blog`
--

LOCK TABLES `blog` WRITE;
/*!40000 ALTER TABLE `blog` DISABLE KEYS */;
INSERT INTO `blog` VALUES (5,1,5,'2019应届生补招互联网名企','![](http://file.gkuoj.com/image/ming/blog/1548765707310.jpeg)\n:joy:\nhhahahahaha','<p><img src=\"http://file.gkuoj.com/image/ming/blog/1548765707310.jpeg\" alt=\"\"><br><img src=\"../plugins/markdown/plugins/emoji-dialog/emoji/joy.png\" class=\"emoji\" title=\"&#58;joy&#58;\" alt=\"&#58;joy&#58;\" /><br>hhahahahaha','内推,面经',607,'2019-01-29 20:42:09','2019-03-25 00:49:39'),(6,4,2,'刚刚实习简历被拒了','![](http://file.gkuoj.com/image/ming/blog/1548766443854.jpeg)\n:satisfied:','<p><img src=\"http://file.gkuoj.com/image/ming/blog/1548766443854.jpeg\" alt=\"\"><br><img src=\"../plugins/markdown/plugins/emoji-dialog/emoji/satisfied.png\" class=\"emoji\" title=\":satisfied:\" alt=\":satisfied:\">','广科捞头,屌丝',35,'2019-01-29 20:54:34','2019-03-25 00:49:49'),(7,3,2,'就你这个傻逼也来开发我Java','![](http://file.gkuoj.com/image/ming/blog/1548766734974.jpg)\n\n:tw-1f600:','<p><img src=\"http://file.gkuoj.com/image/ming/blog/1548766734974.jpg\" alt=\"\">\n<p><img src=\"http://twemoji.maxcdn.com/36x36/1f600.png\" title=\"twemoji-1f600\" alt=\"twemoji-1f600\" class=\"emoji twemoji\">','Java,大神',60,'2019-01-29 20:59:18','2019-03-25 00:49:33'),(9,1,4,'CYaRon：测试数据生成利器','Project CYaRon\nCYaRon Yet Another Random Olympic-iNformatics test data generator\n\nBy Luogu 项目地址: https://github.com/luogu-dev/cyaron\n\n\n\n你是否遇到以下情况：\n\n希望在5分钟内写出一组随机数据，并方便地使用它们对拍几个程序\n\n希望生成一个合适的随机图或者树，且有一定强度\n\n希望生成一组随机数列或者向量，且不能重复。\n\n那么，你可以借助 CYaRon 和 Python ，来快速生成一组数据。目前支持的特性有：\n\n建一个随机图（简单图或者非简单图，有向图或无向图，带权图或者无权图）\n\n建一个随机树（链状、随机树、或者菊花图，而且可以设定树的强弱）\n\n生成一组允许相同或者互相不同的多维向量（可以较快速度生成10^6组、范围到10^9的向量或者数列）\n\n根据函数解析式生成数列\n\n生成一些随机多边形，并且可以求面积、周长等\n\n从字典生成随机字符串、单词、句子、段落\n\n使用以上功能生成的数据和您其他地方下载的测试数据方便地进行程序对拍\n\n快速上手指南\n\n稳定版本可以从pip获取: pip install cyaron，在此之前，需要准备好Python。\n\n最新开发版可以克隆GitHub源代码: git clone https://github.com/luogu-dev/cyaron.git\n\n请您查看CYaRon文档和CYaRon基本入门来学习如何使用CYaRon。\n\n若您发现文档中有缺漏，请提出Issue并暂时根据examples和源代码进行YY。\n\nCYaRon基于Python。若您对Python不熟悉，可看快速入门教程。\n\n之后计划实现云Generator，即只需提供写好的脚本以及std，上传到服务器，即可下载一个测试数据的压缩包，真正实现5分钟生成一个测试数据！\n\n希望各位大佬一起来协助改进这个项目。希望这个项目可以帮助大家节省时间！\n\n使用范例','<div>\n	牛客新出的实习平台，学长直推，反馈快，靠谱，点击查看：<a href=\"https://www.nowcoder.com/job/center?\" target=\"_blank\">https://www.nowcoder.com/job/center?</a> \n</div>','用例生成器',277,'2019-01-30 00:02:56','2019-05-02 22:34:06'),(10,5,3,'我今年收割了10个offer，你们呢？','','<div id=\"content_views\" class=\"markdown_views prism-atom-one-dark\">\n							<!-- flowchart 箭头图标 勿删 -->\n							<svg xmlns=\"http://www.w3.org/2000/svg\" style=\"display: none;\"><path stroke-linecap=\"round\" d=\"M5,0 0,2.5 5,5z\" id=\"raphael-marker-block\" style=\"-webkit-tap-highlight-color: rgba(0, 0, 0, 0);\"></path></svg>\n					\n\n\n\n<h2 id=\"前言\"><a name=\"t0\"></a>前言</h2>\n\n<p>首先祝大家新春快乐！</p>\n\n<p>大概在一个月前就已经打算写一篇关于我三月份面试的一个总结了，但由于没有时间在加上还没有想好该怎么写，所以一直没有写。适逢端午佳节，有了一段相对较长的时间可以理理所以决定下笔。</p>\n\n<p>正如标题所说：目前我是一名安卓实习生，现在在上海工作。我在三月份有一段将近半个月左右的面试经历，期间跑过南京，杭州和上海；总共面试了应该有六七家公司，拿到几个Offer就不说了，没有多大意义（毕竟每个人只有选择一个），最终选择了在上海就职。</p>\n\n<p>之所以会写这篇文章，考虑到两点：一点是总结自己的面试经历与经验，以便为了以后更好的应对面试；另外一点是希望能够给那些即将准备面试的大学生(以及其他学生)点帮助，望在接下来的面试中能够提供点参考意见和帮助。</p>\n\n<p>有几点需要说明一下：（一）我不会教你该怎么写简历，其实网上已经有很多的资源了；（二）不要期望看了这篇文章就觉得自己能够进入BAT了，我自己目前的面试水平还没达到那个水平，所以我也不知道该怎么教你。</p>\n\n\n\n<h2 id=\"累\"><a name=\"t1\"></a>累</h2>\n\n<p>如果你要问我那段面试时间给你最大感受是什么，我会说：累，是真的累。我在投简历的时候把范围限制在了江浙沪这一带，其实也就上海，南京，杭州这几个城市。所以需要我不停的奔波。我记得我是先把南京（当时我在南京）的面试完了，大概有三四家吧，然后又去杭州三四天，总共面了两家，推了一家，然后去上海，不过上海就一天，也就是面我现在所在的公司。我记得那天是早上五点多从南京坐火车去上海，然后迟了一个小时（打电话跟公司说了，可以延迟），面试完，当天下午就又回南京了，其实当时我还想在上海面试两家，但那个时候就觉得累，真的，所以就决定回去了，不面了（因为那个时候我已经得到口头Offer了）。其实还有一个原因是我之前去杭州面试已经拿到了一家Offer，所以就….你懂的。</p>\n\n<p>我记得那天早上五点多起床坐火车去上海的路上，我发现整个火车上都是人，你会发现这个世界上原来有那么多人跟你一样在为了生活奔波，虽然大家的目的不尽相同，但都是为了有个更好的生活。之前工作都是八点半去公司，你会发现过斑马线的时候会有很多跟你一样的人，其实哪怕五六点，也会有很多人也已经工作了。</p>\n\n<p>但是我觉得，这个累从某种程度上是可以减轻的。以后大家在面试的时候，尽量把时间安排得宽松点，其实我这个还好，一天只有一个面试，我之前看过别人有一天两个面试的。如果面了其他城市的，首先考虑可不可以电面或者视频面试等等，如果不行，再考虑自己有没有那个必要为了这个面试去奔波。</p>\n\n\n\n<h2 id=\"套路\"><a name=\"t2\"></a>套路</h2>\n\n<p>最大的收获呢？套路…哈哈，可能有的人会觉得很奇怪。此套路非彼套路。面试作为工作，对的，对于HR来说面试就是工作的一部分。既然是工作，那一定是有规则（准则），其实可以理解为套路啦。也就是说你得按照规则来。面试有什么规则呢？认真对待简历，做好笔试，回答好问题….</p>\n\n<p>当然，套路是相对于绝大多数的人来说的，如果你觉得自己不是那绝大多数，那你可以突破常规，来个不一样的也是可以的。不知道你之前有没有看个一个很吊的一个面试，大概是前端吧，就做了一个网页，这种创意是很好的。哦，对了，忘记跟你说了，作者应该在国外，哈哈..</p>\n\n<p>所以要想拿到Offer，你就需要学会从HR的角度考虑问题，想想如果你是HR你看到什么的简历你会让它过；再想想如果你是面试官，你希望面试到什么的人，什么样的人你会觉得他的技术可以，符合公司的要求；再想想如果你是人事主管（CTO或者CEO）你需要对方具有什么样的性格…</p>\n\n<p>这个东西我觉得是非常的重要，原因在于：绝大多数的情况下，看你简历的人之前是不了解你的（你是著名人物除外）所以他想了解你只能通过你的简历，而筛选简历作为工作的一部分，那肯定是有标准的（有的公司可能是HR筛选一下，然后给技术总监在筛一下）。这个时候你就要学会换位思考了，这个标准是什么呢？你在结合一下你自己的面试岗位，我想你应该知道的。</p>\n\n<p>其实之所以会有这种想法，由来已久。我记得我大三时候考英语六级的时候，我是在考试10天前开始准备的。大一考过四级以后我应该就没有认真看过英语课本了。所以我并没有非常好的英语底子。还有十天考试，如果是你你会怎么做？背单词?做真题?参加培训?买押题?我记得当时我想的就是：首先我肯定得不了高分，一个有自知之明的人应该都知道的；其次我肯定要及格（其实英语六级没有及格说法，但很多人都会觉得425就是及格分，在这里我不去争辩），如果不及格那不就是只参与了嘛。还有一点需要提的是：及格分从来不是用来为难人的，也就是说对于绝大多数人只要你认真准备，就算考的再差也不会不及格的。在这种指导思想下，我就开始了我的复写。其实也没啥，我就做了三四份真题，然后就一直看真题分析，并没有刻意的被单词，也没有被什么预测题。其实我这样做的目的就是希望能够了解试卷的套路，然后在做试卷的时候我就尽量按照套路来。最终也是考过了，我想说的是其实我并不厉害，我所做的只是尽可能的多去了解对方。知己知彼，才能那个啥嘛。所以举这个例子我只是想说明：套路或者说是规则对于一个行业来讲是极其的重要的。</p>\n\n<p>所以以后准备面试的时候多去了解你所投递的公司，多去了解公司的招聘要求，多了解自己。</p>\n\n\n\n<h2 id=\"关于简历\"><a name=\"t3\"></a>关于简历</h2>\n\n<p>简历怎么写我不会教你，因为我也是跟别人学的，有几个点需要注意下：</p>\n\n<ol>\n<li>保持简历的实时性，尽量保持你的简历时效性，很多时候当你决定要换工作的时候在写简历了，那个时候你就会遇到人生的一大难题：妈的，我过去几年做了啥？所以在你工作中如果学到了新的技能或者新的语言的时候就可以及时的添加到你的简历中了。插一句，当你工作了要学会写工作报告，不是为了给老板看啊，是给自己总结的，以后写简历或者总结自己工作的时候也会有个参考资料，我目前已经在坚持了，我是按月来写的，写的内容无外乎就是这个月我做了啥，学到了啥。很简单的。</li>\n<li>真实性。一方面指的是不要作假，不要有侥幸心里，没用的；另一方面指的是和自己目前的水平相匹配，也就说简历上写的就是你的真实能力。不要觉得性能优化，这种词多么牛B啊，写在简历上肯定牛逼哄哄。额…性能优化不是一个实习生要做的事（不是说你不会，而是在性能优化上就算你工作了也不一定要你做）。</li>\n<li>具体。写简历尽量突出你的工作内容（有实习经历），而你的工作内容肯定不是整天性能优化，代码优化吧。把你具体做的东西写出来，然后在深化到理论知识点。</li>\n</ol>\n\n\n\n<h2 id=\"关于面试\"><a name=\"t4\"></a>关于面试</h2>\n\n<p>其实这个没啥要写的，很多时候都取决于你的面试官，如果面试官人好，可能不要几分钟就过了。不要怀疑，我遇到过两次了：在杭州面试的时候，技术面试官来面试我的时候，总共花儿三四分钟，然后就直接找负责人来面了。上海这边，就看了一下我做的题，然后看了我的简历，就过了。对于实习生，很多东西要求并不会那么高，当然我也遇到过问的很深的，那个时候我就觉得：我只是来面试个实习生，要这样吗！这个时候也没办法，所以在准备面试的时候要好好准备，哈哈。</p>\n\n<p>准备技术面试官的面试其实还好，毕竟大家的工作的一样，所以在准备的时候把基础知识，简历上的实习经历准备好就OK了。但是在回答HR，负责人的问题的时候就需要提前准备了，其实网上已经有人总结好了。我在面试的过程中被问的最多的问题有：为什么离开上个公司？为什么要来上海?你了解我们公司吗？你有什么要问我的？其实都是套路，只要你面试你几乎逃不了，尤其是最后一个，哈哈。所以这个需要大家提前准备好，自己也练练。</p>\n\n\n\n<h2 id=\"关于其他\"><a name=\"t5\"></a>关于其他</h2>\n\n<p>找工作是件大事，这个毫无疑问。所以既然是大事，那你一定要准备充分，同时很多细节也要注意。</p>\n\n<p>在和HR聊天的时候要体现出对对方的尊重，这个不仅仅是在面试，其实在很多时候，如果你有求于人，那一定要表示出你对对方的尊重以及对这个件事的重视。绝大多数的HR都是非常友好的，当然长的也是很漂亮的，反正我遇到的都是：）。所以只要你按照套路来基本上拿到面试资格一点问题都没有。怎么尊重？无外乎就是敬语（你好，谢谢，祝您工作顺利生活愉快等等），还是那句话，多从对方的角度考虑问题。</p>\n\n<p>面试的时候不要说出很随意的话，陌生人在聊天的时候大家都是很警觉的，只要你的肢体语言或者言语透露出你的不想要拿到Offer那你就JJ了。一定要稳，带着诚意而来，拿着Offer而走！</p>\n\n<p>很多时候你要相信自己不是自己不行，而是没有遇到你合适的。如果一家不行就在投另外一家嘛，找不到工作是懦夫的表现。</p>\n\n\n\n<h2 id=\"其他小事\"><a name=\"t6\"></a>其他小事</h2>\n\n<p>HR绝对是一个颜值很高的职业，要么不可能HR都那么漂亮，简直<a href=\"https://www.baidu.com/s?wd=%E4%B8%8D%E5%8F%AF%E6%80%9D%E8%AE%AE&amp;tn=24004469_oem_dg&amp;rsv_dl=gh_pl_sl_csd\" target=\"_blank\">不可思议</a>。</p>\n\n<p>我刚进入这个行业的时候（最开始实习）我觉得无论是初创公司还是已经做到行业领先的公司觉得没啥区别，但现在过来，我只想说，不是没啥区别，简直就不能放在一起比。如果一个公司已经做到自己所在行业<a href=\"https://www.baidu.com/s?wd=%E6%95%B0%E4%B8%80%E6%95%B0%E4%BA%8C&amp;tn=24004469_oem_dg&amp;rsv_dl=gh_pl_sl_csd\" target=\"_blank\">数一数二</a>的了，那么<a href=\"https://www.baidu.com/s?wd=%E6%97%A0%E8%AE%BA%E5%A6%82%E4%BD%95&amp;tn=24004469_oem_dg&amp;rsv_dl=gh_pl_sl_csd\" target=\"_blank\">无论如何</a>，这个公司基本上是靠谱的，那也意味着公司在招人上也是比较靠谱的，这个时候只要你觉得自己是个靠谱人那投出的简历基本上会收到面试机会的。但是对于初创或者相对来说规模较小的公司来说，这就是看你的运气了。运气好的话你会遇到一个牛逼的创始人（在中国很多SB都觉得自己很牛B，甚至觉得自己就TM是乔布斯的接班人），我在电话面试的时候有幸和一个很牛逼的联合创始人聊过，从他问的问题你就可以感觉到技术上是真的牛逼。但如果遇到一些…那些…哈哈，今早远离吧。反正我这辈子是不会在考虑初创了，除去一种可能就是是我的朋友或者我认识的人开始创业，我可能会去帮忙的（如果他需要的话：））。肯定有人会说你怎么能这样想呢？对不起，我现在只能这么想，因为我有经历了一些事情，而且我也不愿意再次经历了。</p>\n\n<p>我喜欢做技术的人，不喜欢做技术的负责人。</p>\n\n<p>还有件事我想跟大家分享一下。</p>\n\n<p>去面试杭州那家公司的时候，已经面过了HR，技术，负责人，最后好像还有一个总经理（记得不太清）要面吧，当时HR跟我说总经理不在让我先回去，说回来了在打电话给我，说可能也不需要了，就直接发Offer了，但是当我到车站的时候（回南京）HR打电话过来了说总经理想见见我，当时没办法，为了工作，所以就又坐车回去（一个小时）。和总经理面试的时候，可能是年长的原因（像极了大公司的董事长）问了我很多…人品相关的问题，我记得刚开始的几分钟还是很紧张的，说的话都是抖的。问了很长时间，应该不低于半个小时，问的问题很多，我记的有：你有女朋友吗？什么时候谈的？为什么分手了？你觉得江苏怎么样？你觉得杭州怎么样？反正就是考验人品的问题。给我的感觉就是像是党在考验我。其实之所以觉得很不一样，是没想到，我只是一个实习生而已，而且之前技术负责人也已经问过了。所以按照道理说应该没了。还有一个原因（我猜的）公司应该是属于政府企业，具体的我也不太好描述，就是公司应该和政府有关系，不过公司是真的有钱，大半个楼层都是它的，但里面的空座位是真的多，就感觉不缺钱。事实证明的确不缺钱。</p>\n\n<p>还有件事，就是面试过接到HR的电话说Offer已发的时候，那感觉是TM真的爽。</p>\n\n\n\n<h2 id=\"最后\"><a name=\"t7\"></a>最后</h2>\n\n<p>面试是工作的一部分，认真对待！</p>            </div>','面经',304,'2019-01-30 23:04:50','2019-03-03 20:17:52'),(12,1,6,'这是谁做的oj啊 太牛逼了！',':thumbsup:![](http://file.gkuoj.com/image/ming/blog/1550249869697.png)','<p><img src=\"../plugins/markdown/plugins/emoji-dialog/emoji/thumbsup.png\" class=\"emoji\" title=\"&#58;thumbsup&#58;\" alt=\"&#58;thumbsup&#58;\" /><img src=\"http://file.gkuoj.com/image/ming/blog/1550249869697.png\" alt=\"\">','oj,牛逼',7,'2019-02-16 00:58:31','2019-04-21 22:22:13'),(22,1,1,'【重要必读】广东科技学院OJ社区规则','1231231231321','<p>1231231231321</p>','社区规则',1,'2019-03-24 22:43:09','2019-04-21 22:22:09'),(24,1,1,'评测机语言环境信息','为了方便大家使用洛谷，现在将评测机的语言环境公布如下：\n\n语言	版本信息\nPascal	Free Pascal Compiler version 3.0.4+dfsg-21 [2019/01/16] for x86_64\nC/C++	gcc version 8.2.0 (Debian 8.2.0-14)\nPython 2	2.7.15, NumPy 1.16.0\nPython 3	3.6.8, NumPy 1.16.0\nPyPy 2	Python 2.7.13 (6.0.0+dfsg-3+b1, Oct 10 2018, 09:33:53), PyPy 6.0.0 with GCC 8.2.0\nPyPy 3	Python 3.5.3 (fdd60ed87e94, Apr 24 2018, 06:10:04), PyPy 6.0.0 with GCC 6.2.0 20160901\nJava 8	OpenJDK Runtime Environment (build 1.8.0_171-8u171-b11-2-b11)\nNode 8	8.15.0\nRuby	ruby 2.5.3p105 (2018-10-18 revision 65156) [x86_64-linux-gnu]\nGo	1.10.7\nRust	1.30.0\nPHP 7	PHP 7.2.9-1 (cli) (built: Aug 19 2018 06:56:13) ( NTS ) Zend Engine v3.2.0, with Zend OPcache v7.2.9-1\nMono C#	Mono C# compiler version 4.6.2.0\nMono VB	Visual Basic.Net Compiler version 0.0.0.5943 (Mono 4.0.1 - tarball)\nKotlin/Native	kotlinc-native 1.3.11, Kotlin/Native: 1.0.3\nKotlin/JVM	kotlinc-jvm 1.3.11\nScala	Scala compiler version 2.11.12\nHaskell	Glasgow Haskell Compiler, Version 8.4.4, stage 2 booted by GHC version 8.4.3\nPerl	perl 5, version 28, subversion 1 (v5.28.1) built for x86_64-linux-gnu-thread-multi\n最后更新时间：2019/01/21\n\n注意：\n\n除 C/C++/Pascal 外的语言，由于常数时间差距，不保证正确算法的执行所用时间和内存能够通过评测而不超出限制。洛谷不为此类语言提供多余的时间和内存限制。\nPyPy 无 NumPy 支持，若需要使用 NumPy，请选择 Python。\nHaskell 环境安装了官网所列举的核心包和常用包。','<p>为了方便大家使用洛谷，现在将评测机的语言环境公布如下：</p>\n<p>语言    版本信息<br>Pascal    Free Pascal Compiler version 3.0.4+dfsg-21 [2019/01/16] for x86_64<br>C/C++    gcc version 8.2.0 (Debian 8.2.0-14)<br>Python 2    2.7.15, NumPy 1.16.0<br>Python 3    3.6.8, NumPy 1.16.0<br>PyPy 2    Python 2.7.13 (6.0.0+dfsg-3+b1, Oct 10 2018, 09&#58;33&#58;53), PyPy 6.0.0 with GCC 8.2.0<br>PyPy 3    Python 3.5.3 (fdd60ed87e94, Apr 24 2018, 06&#58;10&#58;04), PyPy 6.0.0 with GCC 6.2.0 20160901<br>Java 8    OpenJDK Runtime Environment (build 1.8.0_171-8u171-b11-2-b11)<br>Node 8    8.15.0<br>Ruby    ruby 2.5.3p105 (2018-10-18 revision 65156) [x86_64-linux-gnu]<br>Go    1.10.7<br>Rust    1.30.0<br>PHP 7    PHP 7.2.9-1 (cli) (built: Aug 19 2018 06&#58;56&#58;13) ( NTS ) Zend Engine v3.2.0, with Zend OPcache v7.2.9-1<br>Mono C#    Mono C# compiler version 4.6.2.0<br>Mono VB    Visual Basic.Net Compiler version 0.0.0.5943 (Mono 4.0.1 - tarball)<br>Kotlin/Native    kotlinc-native 1.3.11, Kotlin/Native: 1.0.3<br>Kotlin/JVM    kotlinc-jvm 1.3.11<br>Scala    Scala compiler version 2.11.12<br>Haskell    Glasgow Haskell Compiler, Version 8.4.4, stage 2 booted by GHC version 8.4.3<br>Perl    perl 5, version 28, subversion 1 (v5.28.1) built for x86_64-linux-gnu-thread-multi<br>最后更新时间：2019/01/21\n<p>注意：</p>\n<p>除 C/C++/Pascal 外的语言，由于常数时间差距，不保证正确算法的执行所用时间和内存能够通过评测而不超出限制。洛谷不为此类语言提供多余的时间和内存限制。<br>PyPy 无 NumPy 支持，若需要使用 NumPy，请选择 Python。<br>Haskell 环境安装了官网所列举的核心包和常用包。','评测机',16,'2019-03-24 22:46:37','2019-04-22 00:36:13'),(27,35,4,'2019年的ACM Final冠军由我来夺回........','...............','<p>……………</p>','acm',25,'2019-03-24 23:17:50','2019-05-03 17:44:38');
/*!40000 ALTER TABLE `blog` ENABLE KEYS */;
UNLOCK TABLES;

--
-- Table structure for table `blog_category`
--

DROP TABLE IF EXISTS `blog_category`;
/*!40101 SET @saved_cs_client     = @@character_set_client */;
/*!40101 SET character_set_client = utf8 */;
CREATE TABLE `blog_category` (
  `id` int(11) NOT NULL AUTO_INCREMENT,
  `name` varchar(10) DEFAULT NULL,
  `create_time` datetime DEFAULT CURRENT_TIMESTAMP,
  `update_time` datetime DEFAULT CURRENT_TIMESTAMP ON UPDATE CURRENT_TIMESTAMP,
  PRIMARY KEY (`id`)
) ENGINE=InnoDB AUTO_INCREMENT=7 DEFAULT CHARSET=utf8;
/*!40101 SET character_set_client = @saved_cs_client */;

--
-- Dumping data for table `blog_category`
--

LOCK TABLES `blog_category` WRITE;
/*!40000 ALTER TABLE `blog_category` DISABLE KEYS */;
INSERT INTO `blog_category` VALUES (1,'站内公告','2019-01-27 23:31:04','2019-02-13 12:53:09'),(2,'题解总版','2019-01-27 23:31:04','2019-02-13 12:53:09'),(3,'技术交流','2019-01-27 23:31:04','2019-01-27 23:31:04'),(4,'比赛经验','2019-01-27 23:31:04','2019-02-13 12:53:09'),(5,'资源分享','2019-01-27 23:31:04','2019-01-27 23:32:24'),(6,'猿生活','2019-01-27 16:10:34','2019-03-22 17:59:48');
/*!40000 ALTER TABLE `blog_category` ENABLE KEYS */;
UNLOCK TABLES;

--
-- Table structure for table `blog_comment`
--

DROP TABLE IF EXISTS `blog_comment`;
/*!40101 SET @saved_cs_client     = @@character_set_client */;
/*!40101 SET character_set_client = utf8 */;
CREATE TABLE `blog_comment` (
  `id` int(11) NOT NULL AUTO_INCREMENT,
  `user_id` int(11) DEFAULT NULL,
  `blog_id` int(11) DEFAULT NULL COMMENT '博客id',
  `content` varchar(1000) DEFAULT NULL COMMENT '评论内容',
  `create_time` datetime DEFAULT CURRENT_TIMESTAMP,
  `update_time` datetime DEFAULT CURRENT_TIMESTAMP ON UPDATE CURRENT_TIMESTAMP,
  PRIMARY KEY (`id`)
) ENGINE=InnoDB AUTO_INCREMENT=59 DEFAULT CHARSET=utf8;
/*!40101 SET character_set_client = @saved_cs_client */;

--
-- Dumping data for table `blog_comment`
--

LOCK TABLES `blog_comment` WRITE;
/*!40000 ALTER TABLE `blog_comment` DISABLE KEYS */;
INSERT INTO `blog_comment` VALUES (5,3,5,'这个是一条评论','2019-01-27 16:14:52','2019-01-31 01:52:06'),(6,3,6,'这个是一条评论2','2019-01-27 16:26:38','2019-01-31 01:52:06'),(7,2,5,'','2019-01-31 02:21:31','2019-01-31 02:21:43'),(8,3,6,NULL,'2019-01-31 02:21:43','2019-01-31 02:21:43'),(10,1,10,'<p><img src=\"../plugins/markdown/plugins/emoji-dialog/emoji/blush.png\" class=\"emoji\" title=\":blush:\" alt=\":blush:\">','2019-02-01 00:58:40','2019-02-01 00:58:40'),(11,1,10,'<p>啦啦抢沙发哈哈哈</p>','2019-02-01 01:01:07','2019-02-01 01:01:07'),(12,1,10,'<p>`public class Main{</p>\n<pre><code>public static void main(String [] args){\nwhile(true){\n</code></pre><p>}<br>    }\n<p>}<br>`','2019-02-01 01:05:28','2019-02-01 01:05:28'),(13,1,10,'<p>public class Main{</p>\n<pre><code>public static void main(String [] args){\nwhile(true){\n</code></pre><p>}</p>\n<pre><code>}\n</code></pre><p>}</p>','2019-02-01 01:06:41','2019-02-01 01:06:41'),(14,1,10,'<pre><code class=\"lang-java\">public class Main{\n\n    public static void main(String [] args){\n    while(true){\n}\n\n\n    }\n\n}\n</code></pre>','2019-02-01 01:07:07','2019-02-01 01:07:07'),(15,1,10,'<p><img src=\"../plugins/markdown/plugins/emoji-dialog/emoji/smiley.png\" class=\"emoji\" title=\":smiley:\" alt=\":smiley:\">','2019-02-01 01:14:41','2019-02-01 01:14:41'),(16,1,10,'<p>我操你妈妈吗哦</p>','2019-02-01 01:14:57','2019-02-01 01:14:57'),(17,1,6,'<p>１２３１２</p>','2019-02-01 01:18:57','2019-02-01 01:18:57'),(18,1,6,'<p>１２３１２３２１</p>','2019-02-01 01:19:03','2019-02-01 01:19:03'),(19,1,6,'<p>１</p>','2019-02-01 01:19:47','2019-02-01 01:19:47'),(20,1,6,'<p>２</p>','2019-02-01 01:19:49','2019-02-01 01:19:49'),(21,1,6,'<p>３</p>','2019-02-01 01:19:50','2019-02-01 01:19:50'),(22,1,6,'<p>３</p>','2019-02-01 01:19:55','2019-02-01 01:19:55'),(23,1,6,'<p>２</p>','2019-02-01 01:19:56','2019-02-01 01:19:56'),(24,1,6,'<p>３</p>','2019-02-01 01:19:58','2019-02-01 01:19:58'),(25,1,6,'<p>３</p>','2019-02-01 01:19:59','2019-02-01 01:19:59'),(26,1,10,'<p>１</p>','2019-02-01 01:24:38','2019-02-01 01:24:38'),(27,1,10,'<p>２</p>','2019-02-01 01:24:48','2019-02-01 01:24:48'),(28,1,10,'<p>３</p>','2019-02-01 01:24:49','2019-02-01 01:24:49'),(29,1,10,'<p>３</p>','2019-02-01 01:24:51','2019-02-01 01:24:51'),(30,1,10,'<p>２２２</p>','2019-02-01 01:24:56','2019-02-01 01:24:56'),(31,1,10,'<p>＠10#（君の名は~）：你是傻吊吗</p>','2019-02-01 01:36:32','2019-02-01 01:36:32'),(32,1,10,'<p>＠10#(君の名は~):12312</p>','2019-02-01 01:37:04','2019-02-01 01:37:04'),(33,1,10,'<p><a href=\"http://localhost:8081/user/mainPage?userId=5\" title=\"123\">@123</a><br>1123','2019-02-01 01:42:44','2019-02-01 01:42:44'),(34,1,10,'<p>@<a href=\"http://localhost:8081/user/mainPage?userId=5\" title=\"12323\">12323</a></p>','2019-02-01 01:43:15','2019-02-01 01:43:15'),(35,1,7,'<p>31231</p>','2019-02-01 01:51:01','2019-02-01 01:51:01'),(36,1,7,'<p>`113</p>','2019-02-01 01:51:09','2019-02-01 01:51:09'),(37,1,7,'<p>12312</p>','2019-02-01 01:51:17','2019-02-01 01:51:17'),(38,1,7,'<p>asda</p>','2019-02-01 01:57:18','2019-02-01 01:57:18'),(39,1,7,'<p>asdasd</p>','2019-02-01 01:57:28','2019-02-01 01:57:28'),(40,1,7,'<p>sdas</p>','2019-02-01 01:57:37','2019-02-01 01:57:37'),(41,1,11,'<p>asdas</p>','2019-02-01 02:00:56','2019-02-01 02:00:56'),(42,1,11,'<p>asdasd</p>','2019-02-01 02:00:59','2019-02-01 02:00:59'),(43,1,11,'<p>sadasd</p>','2019-02-01 02:01:01','2019-02-01 02:01:01'),(44,1,7,'<p>123</p>','2019-02-01 13:23:56','2019-02-01 13:23:56'),(45,1,7,'<p>23213</p>','2019-02-01 13:23:59','2019-02-01 13:23:59'),(46,1,7,'<p>23132</p>','2019-02-01 13:24:01','2019-02-01 13:24:01'),(47,1,7,'<p>12321312</p>','2019-02-01 13:24:10','2019-02-01 13:24:10'),(48,1,7,'<p>13123123</p>','2019-02-01 13:24:14','2019-02-01 13:24:14'),(49,1,7,'<p>123123</p>','2019-02-01 13:24:15','2019-02-01 13:24:15'),(50,1,5,'<p>lll</p>','2019-02-01 22:47:37','2019-02-01 22:47:37'),(51,1,12,'<p><img src=\"../plugins/markdown/plugins/emoji-dialog/emoji/joy.png\" class=\"emoji\" title=\":joy:\" alt=\":joy:\"> 谢谢','2019-02-16 00:58:56','2019-02-16 00:58:56'),(52,1,12,'<p>随便写来玩玩的<img src=\"../plugins/markdown/plugins/emoji-dialog/emoji/joy.png\" class=\"emoji\" title=\":joy:\" alt=\":joy:\">','2019-02-16 00:59:18','2019-02-16 00:59:18'),(53,1,19,'<p>asdasdasdasdsa</p>','2019-03-09 00:25:04','2019-03-09 00:25:04'),(54,1,19,'<p>123123123</p>','2019-03-09 00:31:23','2019-03-09 00:31:23'),(55,1,19,'<p>1312312</p>','2019-03-09 00:32:28','2019-03-09 00:32:28'),(56,1,19,'<p>dasdas</p>','2019-03-09 00:33:02','2019-03-09 00:33:02'),(57,35,24,'<p>前排抢沙发</p>','2019-03-24 23:13:08','2019-03-24 23:13:08'),(58,1,24,'<pre><code class=\"lang-css\">affdfdsfd\n</code></pre>','2019-04-22 00:36:05','2019-04-22 00:36:05');
/*!40000 ALTER TABLE `blog_comment` ENABLE KEYS */;
UNLOCK TABLES;

--
-- Table structure for table `competition`
--

DROP TABLE IF EXISTS `competition`;
/*!40101 SET @saved_cs_client     = @@character_set_client */;
/*!40101 SET character_set_client = utf8 */;
CREATE TABLE `competition` (
  `id` int(11) NOT NULL AUTO_INCREMENT,
  `user_id` int(11) DEFAULT NULL,
  `name` varchar(20) DEFAULT NULL COMMENT '比赛名称',
  `title` varchar(100) DEFAULT NULL COMMENT '比赛标语',
  `content` text COMMENT '详细描述',
  `html_content` text COMMENT '详细描述',
  `password` varchar(64) DEFAULT NULL COMMENT '是否需要密码',
  `start_time` datetime DEFAULT NULL COMMENT '开始时间',
  `end_time` datetime DEFAULT NULL COMMENT '结束时间',
  `create_time` datetime DEFAULT CURRENT_TIMESTAMP,
  `update_time` datetime DEFAULT CURRENT_TIMESTAMP ON UPDATE CURRENT_TIMESTAMP,
  PRIMARY KEY (`id`)
) ENGINE=InnoDB AUTO_INCREMENT=11 DEFAULT CHARSET=utf8;
/*!40101 SET character_set_client = @saved_cs_client */;

--
-- Dumping data for table `competition`
--

LOCK TABLES `competition` WRITE;
/*!40000 ALTER TABLE `competition` DISABLE KEYS */;
INSERT INTO `competition` VALUES (1,1,'2019 蓝桥杯省赛 B 组模拟赛（一）','蓝桥杯','<div>\n        <p>欢迎大家参加广东科技学院 2 月入门赛，本场比赛由阿里巴巴特别赞助，比赛时间为 2 月 16 日 14:00-16:00，比赛时长 2 个小时。本场比赛采用 OI 赛制，比赛结束后可查看分数，比赛难度为 noip 普及组。</p><p>比赛结束后，16:00 - 16:30 会在课程 <a href=\"https://www.jisuanke.com/course/1979\" target=\"_blank\">https://www.jisuanke.com/course/1979</a> 进行直播讲题，该课程免费，直接加入即可。</p><h3>比赛奖励</h3><ol><li>得分最高的所有参赛选手每人获得一件计蒜客专属帽衫（如最高分不够 3 人前三名每人都获得帽衫）。</li><li>随机抽取 5 名 <strong>分数大于 0</strong> 的选手赠送阿里巴巴手提电脑包（除去获得帽衫的选手）。</li><li>随机抽取 5 名 <strong>分数大于 0</strong> 的选手赠送计蒜客专属 T 恤（除去获得奖项 1 和奖项 2 的选手）。</li><li>本场比赛计算 rating，比赛结束后将根据排名计算 rating，排名计算规则和编译环境详见 <a href=\"https://nanti.jisuanke.com/faq\" target=\"_blank\">https://nanti.jisuanke.com/faq</a></li></ol><h3>奖品展示</h3><p><img src=\"//res.jisuanke.com/img/upload/e18bc1b38ac334852b67d2c7df32ed2af3594040.png\" alt=\"image.png\" width=\"350\" height=\"524.5501285347044\"><img src=\"//res.jisuanke.com/img/upload/0d0d78b2bc660c7e2400cad5e6bcf0be4f0e9c5b.png\" alt=\"image.png\" width=\"350\" height=\"525.4498714652956\"></p><p><img alt=\"image.png\" src=\"//res.jisuanke.com/img/upload/0840c9fa8a4da8abb1ba7a58535e180d5486ea1c.png\" width=\"299\" height=\"449\"><br></p><p><br></p><h3>注意事项</h3><ol><li>比赛期间可以重复提交代码，只记录最后一次提交的内容。</li><li>提交代码前多用测试功能测试，避免由于编译器版本不同导致程序运行出错。</li><li>比赛结束后会进行代码查重检测，如若发现有重复代码，抄袭者和被抄袭者该题都记为 0 分。</li><li>本场比赛使用标准输入输出，<strong>不需要</strong> 文件输入输出。</li><li>本场比赛可使用 C、C++、Pascal 提交，提交前选择对应的语言。</li></ol><p>欢迎各位想出题的同学联系 QQ：893203990，会有一定的出题费~</p><p>更多比赛信息可以加入群“计蒜客OI训练营（642061140）”了解，届时会在群里发布比赛题解。</p><p><img src=\"https://res.jisuanke.com/img/upload/20170620/0e4e873e95357b8de84eeaaa960460957f9e42b0.png\" alt=\"\"></p>    </div>',NULL,'123321','2019-02-13 16:50:00','2019-03-17 22:48:00','2019-02-06 02:11:00','2019-03-25 01:01:16'),(2,1,'2019 蓝桥杯省赛 B 组模拟赛（二）','蓝桥杯','',NULL,NULL,'2019-03-23 16:00:00','2019-03-25 20:00:00','2019-03-25 00:59:21','2019-03-25 01:01:16'),(6,1,'蓝桥杯模式赛（三）','大家快点准备哦','![](http://file.gkuoj.com/image/ming/blog/1556896192551.jpg)','<p><img src=\"http://file.gkuoj.com/image/ming/blog/1556896192551.jpg\" alt=\"\">\n',NULL,'2019-05-03 23:00:00','2019-05-04 23:00:00','2019-05-03 23:09:58','2019-05-03 23:09:58'),(7,1,'969130721','1231231','![](http://file.gkuoj.com/image/ming/blog/1556900952092.jpg)','<p><img src=\"http://file.gkuoj.com/image/ming/blog/1556900952092.jpg\" alt=\"\">\n',NULL,'2019-05-04 00:29:00','2019-05-10 00:29:00','2019-05-04 00:29:20','2019-05-04 00:29:20'),(8,1,'创建比赛咯','1231','12312312','<p>12312312</p>\n','123111','2019-05-04 00:50:00','2019-05-09 00:50:00','2019-05-04 00:50:40','2019-05-04 00:50:40'),(9,1,'1231','1213','1231','<p>1231</p>\n','123123','2019-05-04 01:27:00','2019-05-08 01:19:00','2019-05-04 01:15:15','2019-05-04 01:28:24'),(10,1,'asdasd','asdasda','asdasd','<p>asdasd</p>\n','','2019-05-04 14:12:00','2019-05-11 14:12:00','2019-05-04 14:12:29','2019-05-04 14:12:30');
/*!40000 ALTER TABLE `competition` ENABLE KEYS */;
UNLOCK TABLES;

--
-- Table structure for table `competition_problem`
--

DROP TABLE IF EXISTS `competition_problem`;
/*!40101 SET @saved_cs_client     = @@character_set_client */;
/*!40101 SET character_set_client = utf8 */;
CREATE TABLE `competition_problem` (
  `id` int(11) NOT NULL AUTO_INCREMENT,
  `comp_id` int(11) DEFAULT NULL COMMENT '比赛id',
  `problem_id` int(11) DEFAULT NULL COMMENT '题库id',
  `score` int(11) DEFAULT '0' COMMENT '分值',
  `ac_count` int(11) DEFAULT '0' COMMENT 'ac次数',
  `submit_count` int(11) DEFAULT '0' COMMENT '提交次数',
  `create_time` datetime DEFAULT CURRENT_TIMESTAMP,
  `update_time` datetime DEFAULT CURRENT_TIMESTAMP,
  PRIMARY KEY (`id`)
) ENGINE=InnoDB AUTO_INCREMENT=33 DEFAULT CHARSET=utf8;
/*!40101 SET character_set_client = @saved_cs_client */;

--
-- Dumping data for table `competition_problem`
--

LOCK TABLES `competition_problem` WRITE;
/*!40000 ALTER TABLE `competition_problem` DISABLE KEYS */;
INSERT INTO `competition_problem` VALUES (1,1,1000,10,10,10,'2019-02-16 20:51:29','2019-02-16 20:51:29'),(2,1,1001,10,0,11,'2019-02-16 21:04:55','2019-02-16 21:04:55'),(3,2,1000,10,3,3,'2019-03-25 01:04:05','2019-03-25 01:04:05'),(4,2,1001,10,0,0,'2019-03-25 01:04:31','2019-03-25 01:04:31'),(5,2,1002,10,0,0,'2019-03-25 01:04:31','2019-03-25 01:04:31'),(6,2,1005,10,0,0,'2019-03-25 01:04:31','2019-03-25 01:04:31'),(7,2,1006,10,0,0,'2019-03-25 01:04:31','2019-03-25 01:04:31'),(8,2,1007,10,0,0,'2019-03-25 01:04:31','2019-03-25 01:04:31'),(9,2,1008,10,0,0,'2019-03-25 01:05:09','2019-03-25 01:05:09'),(10,2,1010,10,0,0,'2019-03-25 01:05:09','2019-03-25 01:05:09'),(11,2,1011,10,0,0,'2019-03-25 01:05:09','2019-03-25 01:05:09'),(12,2,1012,10,0,0,'2019-03-25 01:05:09','2019-03-25 01:05:09'),(13,7,1000,12,0,0,'2019-05-04 00:32:07','2019-05-04 00:32:07'),(14,7,1004,12,0,0,'2019-05-04 00:33:37','2019-05-04 00:33:37'),(15,7,1000,12,0,0,'2019-05-04 00:35:07','2019-05-04 00:35:07'),(16,7,1000,1,0,0,'2019-05-04 00:35:37','2019-05-04 00:35:37'),(17,8,1000,122,0,0,'2019-05-04 00:50:50','2019-05-04 00:50:50'),(18,8,1002,111,0,0,'2019-05-04 00:50:54','2019-05-04 00:50:54'),(19,8,1000,12,0,0,'2019-05-04 00:51:39','2019-05-04 00:51:39'),(20,8,1031,12,0,0,'2019-05-04 00:51:50','2019-05-04 00:51:50'),(21,8,1000,22,0,0,'2019-05-04 00:52:48','2019-05-04 00:52:48'),(22,9,1000,10,0,0,'2019-05-04 01:15:46','2019-05-04 01:15:46'),(23,9,1001,12,0,0,'2019-05-04 01:15:48','2019-05-04 01:15:48'),(26,9,1002,12,0,0,'2019-05-04 01:29:13','2019-05-04 01:29:13'),(27,9,1004,12,0,0,'2019-05-04 01:29:15','2019-05-04 01:29:15'),(28,9,1003,1,0,0,'2019-05-04 01:29:17','2019-05-04 01:29:17'),(29,9,1010,12,0,0,'2019-05-04 01:29:22','2019-05-04 01:29:22'),(30,9,1011,12,0,0,'2019-05-04 01:29:29','2019-05-04 01:29:29'),(32,10,1011,1,0,0,'2019-05-04 14:17:04','2019-05-04 14:17:04');
/*!40000 ALTER TABLE `competition_problem` ENABLE KEYS */;
UNLOCK TABLES;

--
-- Table structure for table `persistent_logins`
--

DROP TABLE IF EXISTS `persistent_logins`;
/*!40101 SET @saved_cs_client     = @@character_set_client */;
/*!40101 SET character_set_client = utf8 */;
CREATE TABLE `persistent_logins` (
  `username` varchar(64) NOT NULL,
  `series` varchar(64) NOT NULL,
  `token` varchar(64) NOT NULL,
  `last_used` timestamp NOT NULL DEFAULT CURRENT_TIMESTAMP ON UPDATE CURRENT_TIMESTAMP,
  PRIMARY KEY (`series`)
) ENGINE=InnoDB DEFAULT CHARSET=utf8;
/*!40101 SET character_set_client = @saved_cs_client */;

--
-- Dumping data for table `persistent_logins`
--

LOCK TABLES `persistent_logins` WRITE;
/*!40000 ALTER TABLE `persistent_logins` DISABLE KEYS */;
/*!40000 ALTER TABLE `persistent_logins` ENABLE KEYS */;
UNLOCK TABLES;

--
-- Table structure for table `problem`
--

DROP TABLE IF EXISTS `problem`;
/*!40101 SET @saved_cs_client     = @@character_set_client */;
/*!40101 SET character_set_client = utf8 */;
CREATE TABLE `problem` (
  `id` int(11) NOT NULL AUTO_INCREMENT,
  `name` varchar(40) DEFAULT NULL COMMENT '题目标题',
  `content` varchar(3000) DEFAULT NULL COMMENT '详细描述',
  `html_content` text COMMENT 'html题目描述',
  `input_desc` varchar(1000) DEFAULT NULL COMMENT '输入描述',
  `output_desc` varchar(1000) DEFAULT NULL COMMENT '输出描述',
  `testcase_input` varchar(1000) DEFAULT NULL COMMENT '样例输入',
  `testcase_output` varchar(1000) DEFAULT NULL COMMENT '样例输出',
  `level` int(11) DEFAULT '1' COMMENT '难度　１简单２中等３困难４专家',
  `submit_count` int(11) DEFAULT '0' COMMENT '用户提交数',
  `ac_count` int(11) DEFAULT '0' COMMENT '用户通过数',
  `tle_count` int(11) DEFAULT '0' COMMENT '超时数',
  `pe_count` int(11) DEFAULT '0' COMMENT '格式错误数',
  `me_count` int(11) DEFAULT '0' COMMENT '内存超限数',
  `re_count` int(11) DEFAULT '0' COMMENT '运行错误数',
  `ce_count` int(11) DEFAULT '0' COMMENT '编译错误数',
  `wa_count` int(11) DEFAULT '0' COMMENT '答案错误数',
  `time` bigint(20) DEFAULT '10000',
  `memory` bigint(20) DEFAULT '262144',
  `flag` int(11) DEFAULT '0' COMMENT '0 公开　１管理员才能看',
  `create_time` datetime DEFAULT CURRENT_TIMESTAMP,
  `update_time` datetime DEFAULT CURRENT_TIMESTAMP ON UPDATE CURRENT_TIMESTAMP,
  PRIMARY KEY (`id`)
) ENGINE=InnoDB AUTO_INCREMENT=1044 DEFAULT CHARSET=utf8;
/*!40101 SET character_set_client = @saved_cs_client */;

--
-- Dumping data for table `problem`
--

LOCK TABLES `problem` WRITE;
/*!40000 ALTER TABLE `problem` DISABLE KEYS */;
INSERT INTO `problem` VALUES (1000,'A+B Problem','输入两个整数a,b，输出它们的和(|a|,|b|<=10^9)。\n\n注意\n\npascal使用integer会爆掉哦！\n有负数哦！\nc/c++的main函数必须是int类型，而且最后要return 0。这不仅对洛谷其他题目有效，而且也是noip/noi比赛的要求！\n好吧，同志们，我们就从这一题开始，向着大牛的路进发。\n\n任何一个伟大的思想，都有一个微不足道的开始。','<p>输入两个整数a,b，输出它们的和(|a|,|b|&lt;=10^9)。</p>\n<p>注意</p>\n<p>pascal使用integer会爆掉哦！<br>有负数哦！<br>c/c++的main函数必须是int类型，而且最后要return 0。这不仅对洛谷其他题目有效，而且也是noip/noi比赛的要求！<br>好吧，同志们，我们就从这一题开始，向着大牛的路进发。\n<p>任何一个伟大的思想，都有一个微不足道的开始。</p>\n','两个整数以空格分开','一个数','20 30','50',1,116,84,0,2,0,19,8,3,100,12312,0,'2018-12-17 17:19:35','2019-05-09 16:51:23'),(1001,'A+B Problem2','１２３１２３','<p>１２３１２３</p>\n','２１３','２３１２','2\n10\n343','２１３２１',1,18,2,0,0,0,12,1,3,1000,262144,0,'2018-12-26 14:00:45','2019-05-09 01:20:20'),(1002,'铺地毯',NULL,NULL,'',NULL,NULL,NULL,1,3,0,0,0,0,3,0,0,NULL,NULL,0,'2018-12-26 14:16:50','2019-03-25 00:46:23'),(1003,'过河卒',NULL,NULL,NULL,NULL,NULL,NULL,4,0,0,0,0,0,0,0,0,NULL,NULL,0,'2018-12-26 14:17:00','2019-01-27 12:20:15'),(1004,'方格取数',NULL,NULL,NULL,NULL,NULL,NULL,3,0,0,0,0,0,0,0,0,NULL,NULL,0,'2018-12-26 14:57:07','2019-01-27 12:20:15'),(1005,'矩阵取数游戏',NULL,NULL,NULL,NULL,NULL,NULL,1,0,0,0,0,0,0,0,0,NULL,NULL,0,'2018-12-26 14:57:17','2019-01-27 12:20:15'),(1006,'传纸条',NULL,NULL,NULL,NULL,NULL,NULL,2,0,0,0,0,0,0,0,0,NULL,NULL,0,'2018-12-26 14:57:30','2019-01-27 12:20:15'),(1007,'三连击',NULL,NULL,NULL,NULL,NULL,NULL,1,0,0,0,0,0,0,0,0,NULL,NULL,0,'2018-12-26 14:57:38','2019-01-27 12:20:15'),(1008,'阶乘之和',NULL,NULL,NULL,NULL,NULL,NULL,4,0,0,0,0,0,0,0,0,NULL,NULL,0,'2018-12-26 14:57:50','2019-01-27 12:20:15'),(1010,'进制位',NULL,NULL,NULL,NULL,NULL,NULL,4,0,0,0,0,0,0,0,0,NULL,NULL,0,'2018-12-26 22:19:29','2019-01-27 12:20:15'),(1011,'拼数',NULL,NULL,NULL,NULL,NULL,NULL,3,0,0,0,0,0,0,0,0,NULL,NULL,0,'2018-12-26 22:19:29','2019-01-27 12:20:15'),(1012,'车站',NULL,NULL,NULL,NULL,NULL,NULL,3,0,0,0,0,0,0,0,0,NULL,NULL,0,'2018-12-26 22:19:29','2019-01-27 12:20:15'),(1013,'幂次方',NULL,NULL,NULL,NULL,NULL,NULL,4,0,0,0,0,0,0,0,0,NULL,NULL,0,'2018-12-26 22:19:29','2019-01-27 12:20:15'),(1014,'旅行家的预算',NULL,NULL,NULL,NULL,NULL,NULL,1,0,0,0,0,0,0,0,0,NULL,NULL,0,'2018-12-26 22:19:29','2019-01-27 12:20:15'),(1015,'回文数',NULL,NULL,NULL,NULL,NULL,NULL,3,0,0,0,0,0,0,0,0,NULL,NULL,0,'2018-12-26 22:19:29','2019-01-27 12:20:15'),(1016,'一元三次方程求解',NULL,NULL,NULL,NULL,NULL,NULL,2,0,0,0,0,0,0,0,0,NULL,NULL,0,'2018-12-26 22:19:29','2019-01-27 12:20:15'),(1017,'统计单词个数',NULL,NULL,NULL,NULL,NULL,NULL,3,0,0,0,0,0,0,0,0,NULL,NULL,0,'2018-12-26 22:19:29','2019-01-27 12:20:15'),(1018,'数的划分',NULL,NULL,NULL,NULL,NULL,NULL,1,0,0,0,0,0,0,0,0,NULL,NULL,0,'2019-01-26 00:29:49','2019-01-27 12:20:15'),(1019,'求先序排列',NULL,NULL,NULL,NULL,NULL,NULL,1,0,0,0,0,0,0,0,0,NULL,NULL,0,'2019-01-26 00:29:49','2019-01-27 12:20:15'),(1020,'最大公约数和最小公倍数问题',NULL,NULL,NULL,NULL,NULL,NULL,1,0,0,0,0,0,0,0,0,NULL,NULL,0,'2019-01-26 00:29:49','2019-01-27 12:20:15'),(1021,'矩形覆盖',NULL,NULL,NULL,NULL,NULL,NULL,1,0,0,0,0,0,0,0,0,NULL,NULL,0,'2019-01-26 00:29:49','2019-01-27 12:20:15'),(1022,'级数求和',NULL,NULL,NULL,NULL,NULL,NULL,1,0,0,0,0,0,0,0,0,NULL,NULL,0,'2019-01-26 00:29:49','2019-01-27 12:20:15'),(1023,'神经网络',NULL,NULL,NULL,NULL,NULL,NULL,1,0,0,0,0,0,0,0,0,NULL,NULL,0,'2019-01-26 00:29:49','2019-01-27 12:20:15'),(1024,'侦探推理',NULL,NULL,NULL,NULL,NULL,NULL,1,0,0,0,0,0,0,0,0,NULL,NULL,0,'2019-01-26 00:29:49','2019-01-27 12:20:15'),(1025,'加分二叉树',NULL,NULL,NULL,NULL,NULL,NULL,1,0,0,0,0,0,0,0,0,NULL,NULL,0,'2019-01-26 00:29:49','2019-01-27 12:20:15'),(1026,'传染病控制',NULL,NULL,NULL,NULL,NULL,NULL,1,0,0,0,0,0,0,0,0,NULL,NULL,0,'2019-01-26 00:29:49','2019-01-27 12:20:15'),(1027,'乒乓球',NULL,NULL,NULL,NULL,NULL,NULL,1,0,0,0,0,0,0,0,0,NULL,NULL,0,'2019-01-26 00:29:49','2019-01-27 12:20:15'),(1028,'数字游戏',NULL,NULL,NULL,NULL,NULL,NULL,1,0,0,0,0,0,0,0,0,NULL,NULL,0,'2019-01-26 00:29:49','2019-01-27 12:20:15'),(1029,'栈',NULL,NULL,NULL,NULL,NULL,NULL,1,0,0,0,0,0,0,0,0,NULL,NULL,0,'2019-01-26 00:29:49','2019-01-27 12:20:15'),(1030,'麦森数',NULL,NULL,NULL,NULL,NULL,NULL,1,0,0,0,0,0,0,0,0,NULL,NULL,0,'2019-01-26 00:29:49','2019-01-27 12:20:15'),(1031,'校门外的树',NULL,NULL,NULL,NULL,NULL,NULL,1,0,0,0,0,0,0,0,0,NULL,NULL,0,'2019-01-26 00:29:49','2019-01-27 12:20:15'),(1032,'装箱问题',NULL,NULL,NULL,NULL,NULL,NULL,1,0,0,0,0,0,0,0,0,NULL,NULL,0,'2019-01-26 00:29:49','2019-01-27 12:20:15'),(1034,'谁拿了最多奖学金',NULL,NULL,NULL,NULL,NULL,NULL,1,0,0,0,0,0,0,0,0,NULL,NULL,0,'2019-01-26 00:29:49','2019-01-27 12:20:15'),(1038,'21312','3123','<p>3123</p>\n','123','213','213','2131',1,0,0,0,0,0,0,0,0,10000,262144,0,'2019-05-08 18:24:56','2019-05-08 18:24:56'),(1039,'222222','2222222222![](http://file.gkuoj.com/image/ming/blog/1557311340073.jpg)\n````java\n @Override\n    @Transactional(rollbackFor = Exception.class)\n    public RestResponseVO insert(ProblemRequest problemRequest) {\n        if (problemRequest == null) {\n            return RestResponseVO.createByErrorEnum(RestResponseEnum.INVALID_REQUEST);\n        }\n        Problem problem = new Problem();\n        BeanUtil.copyPropertiesIgnoreNull(problemRequest,problem);\n        int effect = problemMapper.insertSelective(problem);\n        if (effect > 0) {\n            String tags = problemRequest.getTags();\n            boolean result = insertTags(problem.getId(), tags);\n            return result ? RestResponseVO.createBySuccessMessage(StringConst.ADD_SUCCESS,problem)\n                    : RestResponseVO.createByErrorMessage(StringConst.ADD_FAIL);\n        }\n        return RestResponseVO.createByErrorMessage(StringConst.ADD_FAIL);\n    }\n````','<p>2222222222<img src=\"http://file.gkuoj.com/image/ming/blog/1557311340073.jpg\" alt=\"\">\n<pre><code class=\"lang-java\"> @Override\n    @Transactional(rollbackFor = Exception.class)\n    public RestResponseVO insert(ProblemRequest problemRequest) {\n        if (problemRequest == null) {\n            return RestResponseVO.createByErrorEnum(RestResponseEnum.INVALID_REQUEST);\n        }\n        Problem problem = new Problem();\n        BeanUtil.copyPropertiesIgnoreNull(problemRequest,problem);\n        int effect = problemMapper.insertSelective(problem);\n        if (effect &gt; 0) {\n            String tags = problemRequest.getTags();\n            boolean result = insertTags(problem.getId(), tags);\n            return result ? RestResponseVO.createBySuccessMessage(StringConst.ADD_SUCCESS,problem)\n                    : RestResponseVO.createByErrorMessage(StringConst.ADD_FAIL);\n        }\n        return RestResponseVO.createByErrorMessage(StringConst.ADD_FAIL);\n    }\n</code></pre>\n','222222222','22222222222','2222222','2222222222222',4,0,0,0,0,0,0,0,0,222,222,1,'2019-05-08 18:29:31','2019-05-08 18:29:38'),(1040,'333333333','3333333333![](http://file.gkuoj.com/image/ming/blog/1557311907081.jpg)\n333333','<p>3333333333<img src=\"http://file.gkuoj.com/image/ming/blog/1557311907081.jpg\" alt=\"\"><br>333333\n','3333333','33333333333','33333','33333333',3,0,0,0,0,0,0,0,0,1000,262144,1,'2019-05-08 18:38:49','2019-05-08 18:39:07'),(1041,'22222222','22222','<p>22222</p>\n','22222222','2222','222222','2222222',4,0,0,0,0,0,0,0,0,1000,262144,1,'2019-05-08 18:39:45','2019-05-08 18:39:50'),(1042,'测试','测试','<p>测试</p>\n','１２３','１２３','１２３','１２３',1,0,0,0,0,0,0,0,0,10000,262144,0,'2019-05-09 16:46:16','2019-05-09 16:48:20');
/*!40000 ALTER TABLE `problem` ENABLE KEYS */;
UNLOCK TABLES;

--
-- Table structure for table `problem_result`
--

DROP TABLE IF EXISTS `problem_result`;
/*!40101 SET @saved_cs_client     = @@character_set_client */;
/*!40101 SET character_set_client = utf8 */;
CREATE TABLE `problem_result` (
  `id` int(11) NOT NULL AUTO_INCREMENT,
  `user_id` int(11) DEFAULT NULL,
  `problem_id` int(11) DEFAULT NULL COMMENT '题目id',
  `comp_id` int(11) DEFAULT NULL COMMENT '比赛id null表示不是比赛测试结果',
  `comp_score` int(11) DEFAULT '0' COMMENT '比赛得分',
  `run_num` varchar(64) NOT NULL COMMENT '运行编号',
  `status` int(11) DEFAULT '8' COMMENT ' 0 编译中　1 ac 2 ce 3 pe 4 re 5 tle 6 me 7 wa　8队列中 9判题中',
  `type` varchar(10) DEFAULT NULL COMMENT '代码类型 java8 c c++ python2 python3',
  `time` bigint(20) DEFAULT NULL,
  `memory` bigint(20) DEFAULT NULL,
  `error_msg` varchar(1000) DEFAULT NULL COMMENT '错误信息',
  `source_code` varchar(5000) DEFAULT NULL,
  `create_time` datetime DEFAULT CURRENT_TIMESTAMP,
  `update_time` datetime DEFAULT CURRENT_TIMESTAMP ON UPDATE CURRENT_TIMESTAMP,
  PRIMARY KEY (`id`),
  UNIQUE KEY `problem_result_run_num_uindex` (`run_num`)
) ENGINE=InnoDB AUTO_INCREMENT=288 DEFAULT CHARSET=utf8;
/*!40101 SET character_set_client = @saved_cs_client */;

--
-- Dumping data for table `problem_result`
--

LOCK TABLES `problem_result` WRITE;
/*!40000 ALTER TABLE `problem_result` DISABLE KEYS */;
INSERT INTO `problem_result` VALUES (182,1,1000,1,10,'4ad7d013-4156-46df-b706-640b28068281',1,'Java8',211,27092,NULL,'import java.io.*;\nimport java.util.*;\npublic class Main {\n    public static void main(String args[]) throws Exception {\n        Scanner cin=new Scanner(System.in);\n        int a = cin.nextInt(), b = cin.nextInt();\n        System.out.println(a+b);\n    }\n}','2019-03-16 23:01:17','2019-03-16 23:01:18'),(183,1,1000,1,10,'eaa8987d-f2c0-4557-adf4-9bcbba57a0f3',1,'Java8',194,26824,NULL,'import java.io.*;\nimport java.util.*;\npublic class Main {\n    public static void main(String args[]) throws Exception {\n        Scanner cin=new Scanner(System.in);\n        int a = cin.nextInt(), b = cin.nextInt();\n        System.out.println(a+b);\n    }\n}','2019-03-16 23:01:28','2019-03-16 23:01:29'),(184,1,1001,1,0,'b14f6c7f-eda7-4700-a4a5-4af06b840ae5',4,'Java8',-1,-1,NULL,'import java.io.*;\nimport java.util.*;\npublic class Main {\n    public static void main(String args[]) throws Exception {\n        Scanner cin=new Scanner(System.in);\n        int a = cin.nextInt(), b = cin.nextInt();\n        System.out.println(a+b);\n    }\n}','2019-03-16 23:02:05','2019-03-16 23:02:06'),(185,1,1001,1,0,'38c5362c-d990-457e-87db-760cab93ce69',4,'Java8',-1,-1,NULL,'import java.io.*;\nimport java.util.*;\npublic class Main {\n    public static void main(String args[]) throws Exception {\n        Scanner cin=new Scanner(System.in);\n        int a = cin.nextInt(), b = cin.nextInt();\n        System.out.println(a+b);\n    }\n}','2019-03-16 23:02:24','2019-03-16 23:02:25'),(186,1,1001,1,0,'5da80fbb-3c9f-47fa-860e-ca7dcb6e707a',4,'Java8',-1,-1,NULL,'import java.io.*;\nimport java.util.*;\npublic class Main {\n    public static void main(String args[]) throws Exception {\n      \n        System.out.println(123);\n    }\n}','2019-03-16 23:04:21','2019-03-16 23:04:21'),(187,1,1001,NULL,0,'8b5b325c-a6a3-4071-9801-f2e0c43cb6d0',4,'Java8',-1,-1,NULL,'import java.io.*;\nimport java.util.*;\npublic class Main {\n    public static void main(String args[]) throws Exception {\n        Scanner cin=new Scanner(System.in);\n        int a = cin.nextInt(), b = cin.nextInt();\n        System.out.println(a+b);\n    }\n}','2019-03-16 23:05:27','2019-03-16 23:05:28'),(188,1,1001,NULL,0,'faf2719b-3393-4a69-99bc-c7b3876f5ea4',2,'Java8',NULL,NULL,'/home/ming/gkuoj/file/testcase/1001/1552748829660/Main.java:6: 错误: 找不到符号\n        System.out.println(a+b);\n                           ^\n  符号:   变量 a\n  位置: 类 Main\n/home/ming/gkuoj/file/testcase/1001/1552748829660/Main.java:6: 错误: 找不到符号\n        System.out.println(a+b);\n                             ^\n  符号:   变量 b\n  位置: 类 Main\n2 个错误','import java.io.*;\nimport java.util.*;\npublic class Main {\n    public static void main(String args[]) throws Exception {\n       \n        System.out.println(a+b);\n    }\n}','2019-03-16 23:07:10','2019-03-16 23:07:10'),(189,1,1001,NULL,0,'c0d37810-cc7c-4973-9722-ac503a7cc6fa',4,'Java8',-1,-1,NULL,'import java.io.*;\nimport java.util.*;\npublic class Main {\n    public static void main(String args[]) throws Exception {\n       \n        System.out.println(123);\n    }\n}','2019-03-16 23:07:31','2019-03-16 23:07:31'),(190,1,1001,NULL,0,'5a28b246-ef53-45cc-bec0-09a808262d60',7,'Java8',80,24336,NULL,'import java.io.*;\nimport java.util.*;\npublic class Main {\n    public static void main(String args[]) throws Exception {\n       \n        System.out.println(123);\n    }\n}','2019-03-16 23:08:12','2019-03-16 23:08:12'),(191,1,1001,1,0,'d0050ab2-6e0b-41ff-a6d5-a4216b3e5141',7,'Java8',75,24416,NULL,'import java.io.*;\nimport java.util.*;\npublic class Main {\n    public static void main(String args[]) throws Exception {\n        System.out.println(123);\n    }\n}','2019-03-16 23:17:06','2019-03-16 23:17:06'),(192,1,1001,1,0,'909f1e76-873f-44bb-984a-697e51d7da67',4,'Java8',119,26868,NULL,'import java.io.*;\nimport java.util.*;\npublic class Main {\n    public static void main(String args[]) throws Exception {\n        Scanner cin=new Scanner(System.in);\n        int a = cin.nextInt(), b = cin.nextInt();\n        System.out.println(a+b);\n    }\n}','2019-03-16 23:18:35','2019-03-16 23:18:36'),(193,1,1001,1,5,'efa268b3-ad42-49e1-a6dc-6f1edad1b9dc',7,'Java8',77,24276,NULL,'import java.io.*;\nimport java.util.*;\npublic class Main {\n    public static void main(String args[]) throws Exception {\n       \n        System.out.println(123);\n    }\n}','2019-03-16 23:18:47','2019-03-16 23:18:48'),(194,1,1001,1,0,'27af1ccc-f64e-49ec-a3ea-d53610bb55bf',4,'Java8',132,26864,NULL,'import java.io.*;\nimport java.util.*;\npublic class Main {\n    public static void main(String args[]) throws Exception {\n        Scanner cin=new Scanner(System.in);\n        int a = cin.nextInt(), b = cin.nextInt();\n        System.out.println(a+b);\n    }\n}','2019-03-16 23:19:24','2019-03-16 23:19:25'),(195,1,1001,1,0,'8be9657d-6350-49e8-9419-57a00dde14e3',4,'Java8',137,26700,NULL,'import java.io.*;\nimport java.util.*;\npublic class Main {\n    public static void main(String args[]) throws Exception {\n        Scanner cin=new Scanner(System.in);\n        int a = cin.nextInt(), b = cin.nextInt();\n        System.out.println(a+b);\n    }\n}','2019-03-16 23:19:25','2019-03-16 23:19:26'),(196,1,1001,1,0,'885f8b18-2168-47ac-b18f-b15eabfb3a1d',4,'Java8',138,26956,NULL,'import java.io.*;\nimport java.util.*;\npublic class Main {\n    public static void main(String args[]) throws Exception {\n        Scanner cin=new Scanner(System.in);\n        int a = cin.nextInt(), b = cin.nextInt();\n        System.out.println(a+b);\n    }\n}','2019-03-16 23:19:26','2019-03-16 23:19:26'),(197,1,1001,1,0,'06aa5dfd-f632-49fa-a6b0-4e119475d0eb',4,'Java8',153,26548,NULL,'import java.io.*;\nimport java.util.*;\npublic class Main {\n    public static void main(String args[]) throws Exception {\n        Scanner cin=new Scanner(System.in);\n        int a = cin.nextInt(), b = cin.nextInt();\n        System.out.println(a+b);\n    }\n}','2019-03-16 23:19:26','2019-03-16 23:19:27'),(198,1,1001,1,0,'e08437e3-95f5-41c3-b49a-102380ae9cb6',4,'Java8',119,26700,NULL,'import java.io.*;\nimport java.util.*;\npublic class Main {\n    public static void main(String args[]) throws Exception {\n        Scanner cin=new Scanner(System.in);\n        int a = cin.nextInt(), b = cin.nextInt();\n        System.out.println(a+b);\n    }\n}','2019-03-16 23:19:27','2019-03-16 23:19:28'),(199,1,1000,1,10,'5f08f7cb-4c96-43f1-90b9-52c3eaf865fc',1,'Java8',200,27020,NULL,'import java.io.*;\nimport java.util.*;\npublic class Main {\n    public static void main(String args[]) throws Exception {\n        Scanner cin=new Scanner(System.in);\n        int a = cin.nextInt(), b = cin.nextInt();\n        System.out.println(a+b);\n    }\n}','2019-03-16 23:49:33','2019-03-16 23:49:34'),(200,1,1000,1,10,'f0393388-92c5-478e-83ed-30e96c9ab2ec',1,'Java8',261,27012,NULL,'import java.io.*;\nimport java.util.*;\npublic class Main {\n    public static void main(String args[]) throws Exception {\n        Scanner cin=new Scanner(System.in);\n        int a = cin.nextInt(), b = cin.nextInt();\n        System.out.println(a+b);\n    }\n}','2019-03-16 23:49:37','2019-03-16 23:49:38'),(201,1,1000,1,10,'ef1dc14b-12e9-48b8-9be9-c0225ee12c59',1,'Java8',222,26804,NULL,'import java.io.*;\nimport java.util.*;\npublic class Main {\n    public static void main(String args[]) throws Exception {\n        Scanner cin=new Scanner(System.in);\n        int a = cin.nextInt(), b = cin.nextInt();\n        System.out.println(a+b);\n    }\n}','2019-03-16 23:49:38','2019-03-16 23:49:39'),(202,1,1000,1,10,'25046647-ecf7-478c-be31-b36bbe453923',1,'Java8',191,26952,NULL,'import java.io.*;\nimport java.util.*;\npublic class Main {\n    public static void main(String args[]) throws Exception {\n        Scanner cin=new Scanner(System.in);\n        int a = cin.nextInt(), b = cin.nextInt();\n        System.out.println(a+b);\n    }\n}','2019-03-16 23:51:14','2019-03-16 23:51:47'),(203,1,1000,1,10,'d226dce1-1f5e-437f-8cee-c7f7874d753f',1,'Java8',200,26992,NULL,'import java.io.*;\nimport java.util.*;\npublic class Main {\n    public static void main(String args[]) throws Exception {\n        Scanner cin=new Scanner(System.in);\n        int a = cin.nextInt(), b = cin.nextInt();\n        System.out.println(a+b);\n    }\n}','2019-03-16 23:51:55','2019-03-16 23:53:52'),(204,1,1000,1,10,'dd282795-bb86-4037-a819-0f1e19c38498',1,'Java8',235,27052,NULL,'import java.io.*;\nimport java.util.*;\npublic class Main {\n    public static void main(String args[]) throws Exception {\n        Scanner cin=new Scanner(System.in);\n        int a = cin.nextInt(), b = cin.nextInt();\n        System.out.println(a+b);\n    }\n}','2019-03-16 23:54:25','2019-03-16 23:55:52'),(205,1,1000,1,10,'a0301f57-7b6d-4237-8e28-a3769321fd4c',1,'Java8',249,27112,NULL,'import java.io.*;\nimport java.util.*;\npublic class Main {\n    public static void main(String args[]) throws Exception {\n        Scanner cin=new Scanner(System.in);\n        int a = cin.nextInt(), b = cin.nextInt();\n        System.out.println(a+b);\n    }\n}','2019-03-16 23:56:10','2019-03-16 23:56:10'),(206,1,1000,NULL,0,'7608508c-5178-4dd1-a6c0-3bf046f70ae5',1,'Java8',294,27176,NULL,'import java.io.*;\nimport java.util.*;\npublic class Main {\n    public static void main(String args[]) throws Exception {\n        Scanner cin=new Scanner(System.in);\n        int a = cin.nextInt(), b = cin.nextInt();\n        System.out.println(a+b);\n    }\n}','2019-03-25 00:33:53','2019-03-25 00:33:57'),(207,35,1000,NULL,0,'be33eeda-bcbc-4c10-b1ae-e13e11f37f26',1,'Java8',233,27136,NULL,'import java.io.*;\nimport java.util.*;\npublic class Main {\n    public static void main(String args[]) throws Exception {\n        Scanner cin=new Scanner(System.in);\n        int a = cin.nextInt(), b = cin.nextInt();\n        System.out.println(a+b);\n    }\n}','2019-03-25 00:39:36','2019-03-25 00:39:36'),(208,2,1000,NULL,0,'6d1c9de4-9f13-46d6-ad6b-545199597946',1,'C++',0,0,NULL,'#include <iostream>\n#include <cstdio>\n\nusing namespace std;\n\nint main() {\n    int a,b;\n    cin >> a >> b;\n    cout << a+b;\n    return 0;\n}','2019-03-25 00:42:46','2019-03-25 00:42:49'),(209,2,1000,NULL,0,'f5a0b225-cc4b-4ff0-8cc7-6e22591efdb4',1,'C++',0,0,NULL,'#include <iostream>\n#include <cstdio>\n\nusing namespace std;\n\nint main() {\n    int a,b;\n    cin >> a >> b;\n    cout << a+b;\n    return 0;\n}','2019-03-25 00:43:23','2019-03-25 00:43:23'),(210,2,1001,NULL,0,'c51e13b1-763b-4eea-8e23-7baa09332f15',1,'Java8',67,24216,NULL,'import java.io.*;\nimport java.util.*;\npublic class Main {\n    public static void main(String args[]) throws Exception {\n      \n        System.out.println(123);\n    }\n}','2019-03-25 00:44:55','2019-03-25 00:44:56'),(211,1,1001,NULL,0,'9255826d-b9ad-4482-b32e-83382b8e814d',4,'Java8',108,26688,NULL,'import java.io.*;\nimport java.util.*;\npublic class Main {\n    public static void main(String args[]) throws Exception {\n        Scanner cin=new Scanner(System.in);\n        int a = cin.nextInt(), b = cin.nextInt();\n        System.out.println(123);\n    }\n}','2019-03-25 00:45:43','2019-03-25 00:45:43'),(212,1,1001,NULL,0,'8f4e32e9-ac47-4c5a-a64e-7fceef997f1e',1,'Java8',67,23912,NULL,'import java.io.*;\nimport java.util.*;\npublic class Main {\n    public static void main(String args[]) throws Exception {\n\n        System.out.println(123);\n    }\n}','2019-03-25 00:45:49','2019-03-25 00:45:49'),(213,1,1002,NULL,0,'cd461716-9c87-4285-b172-eb4ffbd5d9c4',4,'Java8',-1,-1,NULL,'import java.io.*;\nimport java.util.*;\npublic class Main {\n    public static void main(String args[]) throws Exception {\n        Scanner cin=new Scanner(System.in);\n        int a = cin.nextInt(), b = cin.nextInt();\n        System.out.println(a+b);\n    }\n}','2019-03-25 00:46:22','2019-03-25 00:46:23'),(214,1,1000,2,10,'d84f4b4c-22b2-4b32-9f22-9ce26c79aa4e',1,'Java8',197,26792,NULL,'import java.io.*;\nimport java.util.*;\npublic class Main {\n    public static void main(String args[]) throws Exception {\n        Scanner cin=new Scanner(System.in);\n        int a = cin.nextInt(), b = cin.nextInt();\n        System.out.println(a+b);\n    }\n}','2019-03-25 01:05:35','2019-03-25 01:05:36'),(215,1,1000,2,10,'8691c82f-3792-4ed2-8c92-00dee8f13484',1,'Java8',256,27052,NULL,'import java.io.*;\nimport java.util.*;\npublic class Main {\n    public static void main(String args[]) throws Exception {\n        Scanner cin=new Scanner(System.in);\n        int a = cin.nextInt(), b = cin.nextInt();\n        System.out.println(a+b);\n    }\n}','2019-03-25 01:05:41','2019-03-25 01:05:42'),(216,1,1000,2,10,'f3b6abbc-30ec-498e-9b82-49087e3d307b',1,'Java8',311,27212,NULL,'import java.io.*;\nimport java.util.*;\npublic class Main {\n    public static void main(String args[]) throws Exception {\n        Scanner cin=new Scanner(System.in);\n        int a = cin.nextInt(), b = cin.nextInt();\n        System.out.println(a+b);\n    }\n}','2019-03-25 01:05:42','2019-03-25 01:05:43'),(217,1,1000,NULL,0,'58241ccb-711e-4b0c-840e-e28f2dc1e492',1,'Python2',3,7128,NULL,'s = raw_input().split()\nprint int(s[0]) + int(s[1])','2019-03-29 00:24:29','2019-03-29 00:24:29'),(218,1,1000,NULL,0,'351b9ffd-69f9-4fcb-9892-2b49cb2de932',4,'Python3',39,0,NULL,'s = input().split()\nprint(int(s[0]) + int(s[1]))','2019-03-29 00:25:11','2019-03-29 00:25:11'),(219,1,1000,NULL,0,'f45b929c-39da-46f8-ac9d-937c5fbeeed0',1,'Java8',294,27072,NULL,'import java.io.*;\nimport java.util.*;\npublic class Main {\n    public static void main(String args[]) throws Exception {\n        Scanner cin=new Scanner(System.in);\n        int a = cin.nextInt(), b = cin.nextInt();\n        System.out.println(a+b);\n    }\n}','2019-03-29 00:25:33','2019-03-29 00:25:34'),(220,1,1000,NULL,0,'d3b2b8bd-a4bf-40b7-8fd0-ac3d05e84ac6',1,'C',0,0,NULL,'#include <stdio.h>\n\nint main() {\n    int a,b;\n    scanf(\"%d%d\",&a,&b);\n    printf(\"%d\", a+b);\n    return 0;\n}','2019-03-29 00:25:38','2019-03-29 00:25:37'),(221,1,1000,NULL,0,'b16565a0-34fc-48de-a96f-093177bef0ad',1,'C++',0,0,NULL,'#include <iostream>\n#include <cstdio>\n\nusing namespace std;\n\nint main() {\n    int a,b;\n    cin >> a >> b;\n    cout << a+b;\n    return 0;\n}','2019-03-29 00:25:41','2019-03-29 00:25:43'),(222,1,1000,NULL,0,'95bf1238-5375-41c5-9cf3-fea47d74c79c',4,'Python3',49,9400,NULL,'s = input().split()\nprint(int(s[0]) + int(s[1]))','2019-03-29 00:25:47','2019-03-29 00:25:47'),(223,1,1000,NULL,0,'86ca195b-b7af-4ea8-8585-162f2c8e134a',1,'Python2',13,6048,NULL,'s = raw_input().split()\nprint int(s[0]) + int(s[1])','2019-03-29 00:25:52','2019-03-29 00:25:52'),(224,1,1000,NULL,0,'3bb0c122-a51f-46e2-8b27-55ee60023d61',1,'Python2',12,7176,NULL,'s = raw_input().split()\nprint int(s[0]) + int(s[1])','2019-03-29 00:25:54','2019-03-29 00:25:54'),(225,1,1000,NULL,0,'2b0c2698-3e7c-44cf-8783-7c47549d4d63',1,'Python2',18,7100,NULL,'s = raw_input().split()\nprint int(s[0]) + int(s[1])','2019-03-29 00:25:55','2019-03-29 00:25:55'),(226,1,1000,NULL,0,'6ce80657-eb98-4583-92f2-7f560011d712',4,'Python3',64,9400,NULL,'s = input().split()\nprint(int(s[0]) + int(s[1]))','2019-03-29 00:26:04','2019-03-29 00:26:03'),(227,1,1000,NULL,0,'8502cce5-7766-4498-99e1-29e1554d213d',4,'Python3',53,9348,NULL,'s = input().split()\nprint(int(s[0]) + int(s[1]))','2019-03-29 00:27:40','2019-03-29 00:27:40'),(228,1,1000,NULL,0,'39da9f5d-665d-4cbd-8f10-478637950d4c',4,'Python3',44,9404,NULL,'s = input().split()\nprint(int(s[0]) + int(s[1]))','2019-03-29 00:28:05','2019-03-29 00:28:05'),(229,1,1000,NULL,0,'02f9b4c3-c1c7-4ea4-9266-b47c714b5ab7',4,'Python3',39,9404,NULL,'s = input().split()\nprint(int(s[0]) + int(s[1]))','2019-03-29 00:29:02','2019-03-29 00:29:02'),(230,1,1000,NULL,0,'1443c49e-e4a3-4f69-87e7-9a6d28c3d541',4,'Python3',50,9348,NULL,'s = input().split()\nprint(int(s[0]) + int(s[1]))','2019-03-29 00:29:18','2019-03-29 00:29:18'),(231,1,1000,NULL,0,'a72bb9c7-8f7c-475f-b179-3819d8ec1b66',4,'Python3',60,9404,NULL,'s = input().split()\nprint(int(s[0]) + int(s[1]))','2019-03-29 00:29:43','2019-03-29 00:29:43'),(232,1,1000,NULL,0,'689876ef-47e3-4387-b120-14aa2fcaa3e6',4,'Python3',607,9392,NULL,'s = input().split()\nprint(int(s[0]) + int(s[1]))','2019-03-29 00:29:56','2019-03-29 00:30:26'),(233,1,1000,NULL,0,'9c6d7cee-5f9c-4f7f-b3f8-562fa6843f17',4,'Python3',141,9604,NULL,'s = input().split()\nprint(int(s[0]) + int(s[1]))','2019-03-29 00:39:24','2019-03-29 00:39:48'),(234,1,1000,NULL,0,'84dddf5d-2460-459b-ad9a-c7772ead923f',4,'Python3',10,0,NULL,'s = input().split()\nprint(int(s[0]) + int(s[1]))','2019-03-29 00:40:15','2019-03-29 00:40:44'),(235,1,1000,NULL,0,'7870310e-bf1d-48c7-923e-aecad1a0ec30',4,'Python3',27501,9172,NULL,'s = input().split()\nprint(int(s[0]) + int(s[1]))','2019-03-29 00:41:44','2019-03-29 00:43:08'),(236,1,1000,NULL,0,'ba83c491-9273-4fa9-afed-a7b665b67181',4,'Python3',97,9412,NULL,'s = input().split()\nprint(int(s[0]) + int(s[1]))','2019-03-29 00:47:53','2019-03-29 00:47:53'),(237,1,1000,NULL,0,'09366f4e-f61d-4f96-adbb-741c7ff40892',4,'Python3',646,9416,NULL,'s = input().split()\nprint(int(s[0]) + int(s[1]))','2019-03-29 00:48:01','2019-03-29 00:50:06'),(238,1,1000,NULL,0,'8ba39aa0-b557-4e28-a38f-6fce148ee35c',1,'Python3',25,8680,NULL,'s = input().split()\nprint(int(s[0]) + int(s[1]))','2019-03-29 00:50:36','2019-03-29 00:50:36'),(239,1,1000,NULL,0,'329232ba-b15a-47db-baf3-1bb758b7a476',1,'Python3',32,8688,NULL,'s = input().split()\nprint(int(s[0]) + int(s[1]))','2019-03-29 00:50:38','2019-03-29 00:50:38'),(240,1,1000,NULL,0,'a3c64127-cdec-4d4a-91b4-e9e20d4dfb7e',1,'Python3',29,8680,NULL,'s = input().split()\nprint(int(s[0]) + int(s[1]))','2019-03-29 00:50:39','2019-03-29 00:50:39'),(241,1,1000,NULL,0,'7ed6ad77-8541-46ba-aa20-e9ad26a5568c',4,'Python3',25,8612,NULL,'s = input().split()\nprint(int(s[0]) + i','2019-03-29 00:51:16','2019-03-29 00:51:15'),(242,1,1000,NULL,0,'b98bcf94-b049-4bdb-b276-1e896a109788',4,'Python3',26,8616,NULL,'s = input().split()\nprint(i','2019-03-29 00:51:19','2019-03-29 00:51:19'),(243,1,1000,NULL,0,'fc2c4e8d-6f60-4da2-a346-48c457e9c665',2,'Java8',NULL,NULL,'/home/ming/gkuoj/file/testcase/1000/1553791887666/Main.java:5: 错误: 解析时已到达文件结尾\n        Scanner cin=new S\n                         ^\n1 个错误','import java.io.*;\nimport java.util.*;\npublic class Main {\n    public static void main(String args[]) throws Exception {\n        Scanner cin=new S','2019-03-29 00:51:28','2019-03-29 00:51:28'),(244,1,1000,NULL,0,'5613d236-3ce9-4a00-af08-cddbc62298e6',1,'Java8',364,26828,NULL,'import java.io.*;\nimport java.util.*;\npublic class Main {\n    public static void main(String args[]) throws Exception {\n        Scanner cin=new Scanner(System.in);\n        int a = cin.nextInt(), b = cin.nextInt();\n        System.out.println(a+b);\n    }\n}','2019-04-21 21:51:26','2019-04-21 21:51:29'),(245,1,1000,NULL,0,'7109587c-4e88-4c53-acb8-f052b61939f7',1,'Java8',217,26996,NULL,'import java.io.*;\nimport java.util.*;\npublic class Main {\n    public static void main(String args[]) throws Exception {\n        Scanner cin=new Scanner(System.in);\n        int a = cin.nextInt(), b = cin.nextInt();\n        System.out.println(a+b);\n    }\n}','2019-04-21 21:53:56','2019-04-21 21:53:56'),(246,1,1000,NULL,0,'5c11bf9e-5b26-483e-a10e-bbac11e6bd45',1,'C++',0,0,NULL,'#include <iostream>\n#include <cstdio>\n\nusing namespace std;\n\nint main() {\n    int a,b;\n    cin >> a >> b;\n    cout << a+b;\n    return 0;\n}','2019-04-21 21:55:26','2019-04-21 21:55:28'),(247,1,1000,NULL,0,'35e88eb3-c6d2-422b-aa1a-6713eb33bc16',1,'C++',0,0,NULL,'#include <iostream>\n#include <cstdio>\n\nusing namespace std;\n\nint main() {\n    int a,b;\n    cin >> a >> b;\n    cout << a+b;\n    return 0;\n}','2019-04-21 21:55:46','2019-04-21 21:55:46'),(248,1,1000,NULL,0,'eae615ee-9522-406b-b12a-2a2811e54942',1,'C++',0,0,NULL,'#include <iostream>\n#include <cstdio>\n\nusing namespace std;\n\nint main() {\n    int a,b;\n    cin >> a >> b;\n    cout << a+b;\n    return 0;\n}','2019-04-21 21:55:47','2019-04-21 21:55:47'),(249,1,1000,NULL,0,'38276cc7-0356-4518-a1bf-03b5837cd605',1,'C++',0,0,NULL,'#include <iostream>\n#include <cstdio>\n\nusing namespace std;\n\nint main() {\n    int a,b;\n    cin >> a >> b;\n    cout << a+b;\n    return 0;\n}','2019-04-21 21:55:49','2019-04-21 21:55:49'),(250,1,1000,NULL,0,'a136d29c-f1bf-417f-854c-417a35885d52',1,'C++',1,0,NULL,'#include <iostream>\n#include <cstdio>\n\nusing namespace std;\n\nint main() {\n    int a,b;\n    cin >> a >> b;\n    cout << a+b;\n    return 0;\n}','2019-04-21 21:55:50','2019-04-21 21:55:50'),(251,1,1000,NULL,0,'1ce91953-5b69-4175-8547-d6f276c1775c',1,'C++',0,0,NULL,'#include <iostream>\n#include <cstdio>\n\nusing namespace std;\n\nint main() {\n    int a,b;\n    cin >> a >> b;\n    cout << a+b;\n    return 0;\n}','2019-04-21 21:55:51','2019-04-21 21:55:51'),(252,1,1000,NULL,0,'5548b164-5b94-46ed-9b78-2f94a5162970',1,'C++',1,0,NULL,'#include <iostream>\n#include <cstdio>\n\nusing namespace std;\n\nint main() {\n    int a,b;\n    cin >> a >> b;\n    cout << a+b;\n    return 0;\n}','2019-04-21 21:55:52','2019-04-21 21:55:52'),(253,1,1000,NULL,0,'8d9aa0e6-97e7-40bf-a5dc-481ff381c6f2',1,'C++',0,0,NULL,'#include <iostream>\n#include <cstdio>\n\nusing namespace std;\n\nint main() {\n    int a,b;\n    cin >> a >> b;\n    cout << a+b;\n    return 0;\n}','2019-04-21 21:55:53','2019-04-21 21:55:53'),(254,1,1000,NULL,0,'ac6e7f2d-850b-4a2e-bb1a-20221770f04b',1,'C++',0,0,NULL,'#include <iostream>\n#include <cstdio>\n\nusing namespace std;\n\nint main() {\n    int a,b;\n    cin >> a >> b;\n    cout << a+b;\n    return 0;\n}','2019-04-21 21:55:55','2019-04-21 21:55:55'),(255,1,1000,NULL,0,'451306c0-0856-47b0-9674-62cf0ac3aa13',1,'C++',0,0,NULL,'#include <iostream>\n#include <cstdio>\n\nusing namespace std;\n\nint main() {\n    int a,b;\n    cin >> a >> b;\n    cout << a+b;\n    return 0;\n}','2019-04-21 21:55:58','2019-04-21 21:55:58'),(256,1,1000,NULL,0,'05a8ff34-3ae3-4cbf-a75d-c0d2f7b46236',1,'C++',0,0,NULL,'#include <iostream>\n#include <cstdio>\n\nusing namespace std;\n\nint main() {\n    int a,b;\n    cin >> a >> b;\n    cout << a+b;\n    return 0;\n}','2019-04-21 21:55:59','2019-04-21 21:55:59'),(257,1,1000,NULL,0,'b7f5c20c-fe0c-428b-b70e-295914eaf0cc',1,'C',0,0,NULL,'#include <stdio.h>\n\nint main() {\n    int a,b;\n    scanf(\"%d%d\",&a,&b);\n    printf(\"%d\", a+b);\n    return 0;\n}','2019-04-21 21:56:19','2019-04-21 21:56:19'),(258,1,1000,NULL,0,'bfc69088-1198-44d1-a870-c27475e3ad2f',1,'C',0,0,NULL,'#include <stdio.h>\n\nint main() {\n    int a,b;\n    scanf(\"%d%d\",&a,&b);\n    printf(\"%d\", a+b);\n    return 0;\n}','2019-04-21 21:56:21','2019-04-21 21:56:21'),(259,1,1000,NULL,0,'e0a274f1-4384-4f5a-b8ac-82201dc1aaa5',1,'C',0,0,NULL,'#include <stdio.h>\n\nint main() {\n    int a,b;\n    scanf(\"%d%d\",&a,&b);\n    printf(\"%d\", a+b);\n    return 0;\n}','2019-04-21 21:56:21','2019-04-21 21:56:21'),(260,1,1000,NULL,0,'00848200-d014-4d03-b49d-d47a74d339c3',1,'C',0,0,NULL,'#include <stdio.h>\n\nint main() {\n    int a,b;\n    scanf(\"%d%d\",&a,&b);\n    printf(\"%d\", a+b);\n    return 0;\n}','2019-04-21 21:56:22','2019-04-21 21:56:22'),(261,1,1000,NULL,0,'cdfdcaa1-93f2-4af1-9815-16efa9e0c0b3',1,'C',0,0,NULL,'#include <stdio.h>\n\nint main() {\n    int a,b;\n    scanf(\"%d%d\",&a,&b);\n    printf(\"%d\", a+b);\n    return 0;\n}','2019-04-21 21:56:22','2019-04-21 21:56:22'),(262,1,1000,NULL,0,'89db9d0c-3870-4893-bc53-39b491251d29',1,'C',0,0,NULL,'#include <stdio.h>\n\nint main() {\n    int a,b;\n    scanf(\"%d%d\",&a,&b);\n    printf(\"%d\", a+b);\n    return 0;\n}','2019-04-21 21:56:22','2019-04-21 21:56:22'),(263,1,1000,NULL,0,'a2aef68a-c5c3-4bea-84fd-ec0b3662ad7d',1,'C',0,0,NULL,'#include <stdio.h>\n\nint main() {\n    int a,b;\n    scanf(\"%d%d\",&a,&b);\n    printf(\"%d\", a+b);\n    return 0;\n}','2019-04-21 21:56:23','2019-04-21 21:56:22'),(264,1,1000,NULL,0,'94b2807a-d795-4be2-a587-4d6b95b857cb',1,'C',0,0,NULL,'#include <stdio.h>\n\nint main() {\n    int a,b;\n    scanf(\"%d%d\",&a,&b);\n    printf(\"%d\", a+b);\n    return 0;\n}','2019-04-21 21:56:23','2019-04-21 21:56:23'),(265,1,1000,NULL,0,'88654ff1-ddd0-4030-b3d8-d5d94ea9039f',1,'C',0,0,NULL,'#include <stdio.h>\n\nint main() {\n    int a,b;\n    scanf(\"%d%d\",&a,&b);\n    printf(\"%d\", a+b);\n    return 0;\n}','2019-04-21 21:56:23','2019-04-21 21:56:23'),(266,1,1000,NULL,0,'d37b1a8b-dbe2-464d-b136-ad626222adb9',1,'Python2',496,7148,NULL,'s = raw_input().split()\nprint int(s[0]) + int(s[1])','2019-04-21 21:57:03','2019-04-21 21:57:03'),(267,1,1000,NULL,0,'ee7802ea-be68-4086-ad97-f1db2feb97a2',1,'Python2',13,6956,NULL,'s = raw_input().split()\nprint int(s[0]) + int(s[1])','2019-04-21 21:57:21','2019-04-21 21:57:20'),(268,1,1000,NULL,0,'89b2b36c-db89-4b46-a15d-12279a62ab3d',1,'Python2',24,7164,NULL,'s = raw_input().split()\nprint int(s[0]) + int(s[1])','2019-04-21 21:57:25','2019-04-21 21:57:25'),(269,1,1000,NULL,0,'b04b929a-f931-4710-9531-923c7163a0f8',1,'Python2',24,6976,NULL,'s = raw_input().split()\nprint int(s[0]) + int(s[1])','2019-04-21 21:57:25','2019-04-21 21:57:25'),(270,1,1000,NULL,0,'00c5f9ac-7bf4-43d0-accf-2ff29db72a52',1,'Python2',17,7260,NULL,'s = raw_input().split()\nprint int(s[0]) + int(s[1])','2019-04-21 21:57:25','2019-04-21 21:57:25'),(271,1,1000,NULL,0,'89dc7c96-38be-4ffc-a501-4f2ced54453b',1,'Python2',18,7240,NULL,'s = raw_input().split()\nprint int(s[0]) + int(s[1])','2019-04-21 21:57:25','2019-04-21 21:57:25'),(272,1,1000,NULL,0,'07e405b8-415c-41a7-9a91-ca9164a8d8e7',1,'Python2',22,6184,NULL,'s = raw_input().split()\nprint int(s[0]) + int(s[1])','2019-04-21 21:57:26','2019-04-21 21:57:25'),(273,1,1000,NULL,0,'c1047d8f-faba-41d9-8b4f-b8385c45700b',1,'Python2',20,7160,NULL,'s = raw_input().split()\nprint int(s[0]) + int(s[1])','2019-04-21 21:57:26','2019-04-21 21:57:26'),(274,1,1000,NULL,0,'fd33a21d-f53a-40eb-9f39-5ba3497c3cfc',1,'Java8',223,26968,NULL,'import java.io.*;\nimport java.util.*;\npublic class Main {\n    public static void main(String args[]) throws Exception {\n        Scanner cin=new Scanner(System.in);\n        int a = cin.nextInt(), b = cin.nextInt();\n        System.out.println(a+b);\n    }\n}','2019-04-21 21:58:19','2019-04-21 21:58:19'),(275,1,1000,NULL,0,'9a5d7779-4cce-4c4f-aec4-3827569a40c0',1,'Java8',254,27008,NULL,'import java.io.*;\nimport java.util.*;\npublic class Main {\n    public static void main(String args[]) throws Exception {\n        Scanner cin=new Scanner(System.in);\n        int a = cin.nextInt(), b = cin.nextInt();\n        System.out.println(a+b);\n    }\n}','2019-04-21 21:58:45','2019-04-21 21:58:46'),(276,1,1000,NULL,0,'6051bb2d-4d62-4e0e-a788-ad60b87b46ba',1,'Java8',217,27080,NULL,'import java.io.*;\nimport java.util.*;\npublic class Main {\n    public static void main(String args[]) throws Exception {\n        Scanner cin=new Scanner(System.in);\n        int a = cin.nextInt(), b = cin.nextInt();\n        System.out.println(a+b);\n    }\n}','2019-04-21 22:02:47','2019-04-21 22:02:48'),(277,1,1000,NULL,0,'4f0074dc-2fec-4b4b-be6b-ca0536659423',1,'Java8',211,26956,NULL,'import java.io.*;\nimport java.util.*;\npublic class Main {\n    public static void main(String args[]) throws Exception {\n        Scanner cin=new Scanner(System.in);\n        int a = cin.nextInt(), b = cin.nextInt();\n        System.out.println(a+b +\" \");\n    }\n}','2019-04-21 22:03:03','2019-04-21 22:03:03'),(278,1,1000,NULL,0,'05256d34-21d6-49f8-b85f-44b1881e06e8',2,'Java8',NULL,NULL,'/home/ming/gkuoj/file/testcase/1000/1555855393134/Main.java:7: 错误: 一元运算符 \'+++\' 的操作数类型String错误\n        System.out.println(+\" \"+a+b +\" \");\n                           ^\n1 个错误','import java.io.*;\nimport java.util.*;\npublic class Main {\n    public static void main(String args[]) throws Exception {\n        Scanner cin=new Scanner(System.in);\n        int a = cin.nextInt(), b = cin.nextInt();\n        System.out.println(+\" \"+a+b +\" \");\n    }\n}','2019-04-21 22:03:13','2019-04-21 22:03:13'),(279,1,1000,NULL,0,'31e9eceb-8a1d-431c-a8a1-7ab77df0b35e',7,'Java8',226,26816,NULL,'import java.io.*;\nimport java.util.*;\npublic class Main {\n    public static void main(String args[]) throws Exception {\n        Scanner cin=new Scanner(System.in);\n        int a = cin.nextInt(), b = cin.nextInt();\n        System.out.println(\" \"+a+b);\n    }\n}','2019-04-21 22:03:39','2019-04-21 22:03:40'),(280,1,1000,NULL,0,'5a1879c9-39b3-41ef-8a9d-7f4a69a9d344',3,'Java8',218,26788,NULL,'import java.io.*;\nimport java.util.*;\npublic class Main {\n    public static void main(String args[]) throws Exception {\n        Scanner cin=new Scanner(System.in);\n        int a = cin.nextInt(), b = cin.nextInt();\n        System.out.println();\n        System.out.println(a+b);\n    }\n}','2019-04-21 22:03:54','2019-04-21 22:03:55'),(281,1,1000,NULL,0,'92abc93d-09de-4eac-9d13-31c6f900cb6a',1,'Java8',212,26776,NULL,'import java.io.*;\nimport java.util.*;\npublic class Main {\n    public static void main(String args[]) throws Exception {\n        Scanner cin=new Scanner(System.in);\n        int a = cin.nextInt(), b = cin.nextInt();\n      \n        System.out.println(a+b);\n          System.out.println();\n    }\n}','2019-04-21 22:04:14','2019-04-21 22:04:15'),(282,1,1000,NULL,0,'26b3f034-0d2f-4960-b2fe-d2b457ba48f3',2,'Java8',NULL,NULL,'/home/ming/gkuoj/file/testcase/1000/1555855537890/Main.java:7: 错误: 非法的表达式开始\n        throws new Exception();\n        ^\n1 个错误','import java.io.*;\nimport java.util.*;\npublic class Main {\n    public static void main(String args[]) throws Exception {\n        Scanner cin=new Scanner(System.in);\n        int a = cin.nextInt(), b = cin.nextInt();\n        throws new Exception();\n        System.out.println(a+b);\n          System.out.println();\n    }\n}','2019-04-21 22:05:37','2019-04-21 22:05:38'),(283,1,1000,NULL,0,'53ed3d3e-f7fb-46f7-aab8-d3ef8bdc590c',2,'Java8',NULL,NULL,'/home/ming/gkuoj/file/testcase/1000/1555855546094/Main.java:8: 错误: 无法访问的语句\n        System.out.println(a+b);\n        ^\n1 个错误','import java.io.*;\nimport java.util.*;\npublic class Main {\n    public static void main(String args[]) throws Exception {\n        Scanner cin=new Scanner(System.in);\n        int a = cin.nextInt(), b = cin.nextInt();\n        throw new Exception();\n        System.out.println(a+b);\n          System.out.println();\n    }\n}','2019-04-21 22:05:46','2019-04-21 22:05:46'),(284,1,1000,NULL,0,'8a5b5df9-0559-4fc9-a186-a296b7754027',4,'Java8',170,24744,NULL,'import java.io.*;\nimport java.util.*;\npublic class Main {\n    public static void main(String args[]) throws Exception {\n        throw new Exception();\n    }\n}','2019-04-21 22:06:15','2019-04-21 22:06:16'),(285,1,1000,NULL,0,'26547f93-0a7c-4091-9504-8f1f4b406393',1,'C',0,0,NULL,'#include <stdio.h>\n\nint main() {\n    int a,b;\n    scanf(\"%d%d\",&a,&b);\n    printf(\"%d\", a+b);\n    return 0;\n}','2019-04-22 00:37:16','2019-04-22 00:37:17'),(286,1,1000,NULL,0,'c9bb8ffe-b20d-4db7-ac8b-e85248e09eea',1,'Java8',299,27104,NULL,'import java.io.*;\nimport java.util.*;\npublic class Main {\n    public static void main(String args[]) throws Exception {\n        Scanner cin=new Scanner(System.in);\n        int a = cin.nextInt(), b = cin.nextInt();\n        System.out.println(a+b);\n    }\n}','2019-04-22 00:37:24','2019-04-22 00:37:26'),(287,1,1000,NULL,0,'46b89797-5ad5-4ae0-84a1-b549551dc288',3,'Java8',232,26852,NULL,'import java.io.*;\nimport java.util.*;\npublic class Main {\n    public static void main(String args[]) throws Exception {\n        Scanner cin=new Scanner(System.in);\n        int a = cin.nextInt(), b = cin.nextInt();\n        System.out.println();\n        System.out.println(a+b);\n    }\n}','2019-04-22 00:37:50','2019-04-22 00:37:51');
/*!40000 ALTER TABLE `problem_result` ENABLE KEYS */;
UNLOCK TABLES;

--
-- Table structure for table `problem_tag`
--

DROP TABLE IF EXISTS `problem_tag`;
/*!40101 SET @saved_cs_client     = @@character_set_client */;
/*!40101 SET character_set_client = utf8 */;
CREATE TABLE `problem_tag` (
  `id` int(11) NOT NULL AUTO_INCREMENT,
  `problem_id` int(11) DEFAULT NULL,
  `tag_id` int(11) DEFAULT NULL,
  `create_time` datetime DEFAULT CURRENT_TIMESTAMP,
  `update_time` datetime DEFAULT CURRENT_TIMESTAMP ON UPDATE CURRENT_TIMESTAMP,
  PRIMARY KEY (`id`)
) ENGINE=InnoDB AUTO_INCREMENT=129 DEFAULT CHARSET=utf8;
/*!40101 SET character_set_client = @saved_cs_client */;

--
-- Dumping data for table `problem_tag`
--

LOCK TABLES `problem_tag` WRITE;
/*!40000 ALTER TABLE `problem_tag` DISABLE KEYS */;
INSERT INTO `problem_tag` VALUES (4,1002,18,'2019-02-14 00:02:10','2019-02-14 00:02:10'),(5,1003,19,'2019-02-14 00:02:10','2019-02-14 00:02:10'),(6,1004,14,'2019-02-14 00:02:10','2019-02-14 00:02:10'),(7,1005,10,'2019-02-14 00:02:10','2019-02-14 00:02:10'),(8,1006,2,'2019-02-14 00:02:10','2019-02-14 00:02:10'),(9,1007,5,'2019-02-14 00:02:10','2019-02-14 00:02:10'),(10,1008,1,'2019-03-25 00:04:13','2019-03-25 00:04:13'),(11,1009,20,'2019-03-25 00:04:13','2019-03-25 00:05:02'),(12,1010,2,'2019-03-25 00:04:13','2019-03-25 00:04:13'),(13,1011,6,'2019-03-25 00:04:13','2019-03-25 00:04:13'),(14,1012,5,'2019-03-25 00:04:13','2019-03-25 00:04:13'),(15,1013,7,'2019-03-25 00:04:13','2019-03-25 00:04:13'),(16,1014,8,'2019-03-25 00:04:13','2019-03-25 00:04:13'),(17,1015,11,'2019-03-25 00:04:13','2019-03-25 00:04:13'),(18,1016,15,'2019-03-25 00:04:13','2019-03-25 00:04:13'),(19,1017,13,'2019-03-25 00:04:13','2019-03-25 00:05:14'),(20,1018,9,'2019-03-25 00:04:13','2019-03-25 00:04:13'),(21,1019,10,'2019-03-25 00:04:13','2019-03-25 00:04:13'),(22,1020,4,'2019-03-25 00:04:13','2019-03-25 00:04:13'),(23,1021,8,'2019-03-25 00:04:13','2019-03-25 00:04:13'),(24,1022,6,'2019-03-25 00:04:13','2019-03-25 00:04:13'),(25,1023,14,'2019-03-25 00:04:13','2019-03-25 00:04:13'),(26,1024,21,'2019-03-25 00:07:26','2019-03-25 00:07:26'),(27,1025,22,'2019-03-25 00:07:26','2019-03-25 00:07:26'),(28,1026,23,'2019-03-25 00:07:26','2019-03-25 00:07:26'),(29,1027,24,'2019-03-25 00:07:26','2019-03-25 00:07:26'),(30,1028,15,'2019-03-25 00:07:26','2019-03-25 00:07:26'),(31,1029,17,'2019-03-25 00:07:26','2019-03-25 00:07:26'),(32,1030,10,'2019-03-25 00:07:26','2019-03-25 00:07:26'),(33,1031,18,'2019-03-25 00:07:26','2019-03-25 00:07:26'),(34,1038,2,'2019-05-08 18:24:56','2019-05-08 18:24:56'),(35,1038,5,'2019-05-08 18:24:56','2019-05-08 18:24:56'),(36,1039,5,'2019-05-08 18:29:31','2019-05-08 18:29:31'),(37,1039,6,'2019-05-08 18:29:31','2019-05-08 18:29:31'),(38,1039,7,'2019-05-08 18:29:31','2019-05-08 18:29:31'),(39,1040,7,'2019-05-08 18:38:49','2019-05-08 18:38:49'),(40,1040,13,'2019-05-08 18:38:49','2019-05-08 18:38:49'),(41,1041,8,'2019-05-08 18:39:45','2019-05-08 18:39:45'),(42,1041,10,'2019-05-08 18:39:45','2019-05-08 18:39:45'),(111,1001,17,'2019-05-09 01:56:00','2019-05-09 01:56:00'),(112,1001,18,'2019-05-09 01:56:00','2019-05-09 01:56:00'),(113,1001,19,'2019-05-09 01:56:00','2019-05-09 01:56:00'),(117,1042,2,'2019-05-09 16:48:44','2019-05-09 16:48:44'),(118,1042,5,'2019-05-09 16:48:44','2019-05-09 16:48:44'),(119,1042,7,'2019-05-09 16:48:44','2019-05-09 16:48:44'),(126,1000,15,'2019-05-09 16:56:20','2019-05-09 16:56:20'),(128,1043,7,'2019-05-09 16:58:50','2019-05-09 16:58:50');
/*!40000 ALTER TABLE `problem_tag` ENABLE KEYS */;
UNLOCK TABLES;

--
-- Table structure for table `register`
--

DROP TABLE IF EXISTS `register`;
/*!40101 SET @saved_cs_client     = @@character_set_client */;
/*!40101 SET character_set_client = utf8 */;
CREATE TABLE `register` (
  `id` int(11) NOT NULL AUTO_INCREMENT,
  `user_id` int(11) DEFAULT NULL,
  `comp_id` int(11) DEFAULT NULL COMMENT '比赛id',
  `solution_count` int(11) DEFAULT '0' COMMENT '解决题目数',
  `submit_count` int(11) DEFAULT '0' COMMENT '提交数',
  `ac_count` int(11) DEFAULT '0' COMMENT 'ac数目',
  `score` int(11) DEFAULT '0' COMMENT '总分',
  `create_time` datetime DEFAULT CURRENT_TIMESTAMP,
  `update_time` datetime DEFAULT CURRENT_TIMESTAMP ON UPDATE CURRENT_TIMESTAMP,
  PRIMARY KEY (`id`)
) ENGINE=InnoDB AUTO_INCREMENT=26 DEFAULT CHARSET=utf8;
/*!40101 SET character_set_client = @saved_cs_client */;

--
-- Dumping data for table `register`
--

LOCK TABLES `register` WRITE;
/*!40000 ALTER TABLE `register` DISABLE KEYS */;
INSERT INTO `register` VALUES (23,1,1,1,21,2,15,'2019-02-16 22:42:44','2019-03-16 23:56:10'),(24,1,2,1,3,3,10,'2019-03-25 01:03:34','2019-03-25 01:05:43'),(25,1,9,0,0,0,0,'2019-05-04 01:20:18','2019-05-04 01:20:18');
/*!40000 ALTER TABLE `register` ENABLE KEYS */;
UNLOCK TABLES;

--
-- Table structure for table `role`
--

DROP TABLE IF EXISTS `role`;
/*!40101 SET @saved_cs_client     = @@character_set_client */;
/*!40101 SET character_set_client = utf8 */;
CREATE TABLE `role` (
  `id` int(11) NOT NULL AUTO_INCREMENT,
  `name` varchar(20) DEFAULT NULL COMMENT '角色名称',
  `remark` varchar(100) DEFAULT NULL COMMENT '备注',
  `create_time` datetime DEFAULT CURRENT_TIMESTAMP,
  `update_time` datetime DEFAULT CURRENT_TIMESTAMP ON UPDATE CURRENT_TIMESTAMP,
  PRIMARY KEY (`id`)
) ENGINE=InnoDB AUTO_INCREMENT=3 DEFAULT CHARSET=utf8;
/*!40101 SET character_set_client = @saved_cs_client */;

--
-- Dumping data for table `role`
--

LOCK TABLES `role` WRITE;
/*!40000 ALTER TABLE `role` DISABLE KEYS */;
INSERT INTO `role` VALUES (1,'ROLE_ADMIN','管理员','2019-02-18 20:29:16','2019-03-22 16:44:18'),(2,'ROLE_USER','普通用户','2019-02-18 20:29:16','2019-03-22 16:44:18');
/*!40000 ALTER TABLE `role` ENABLE KEYS */;
UNLOCK TABLES;

--
-- Table structure for table `sign`
--

DROP TABLE IF EXISTS `sign`;
/*!40101 SET @saved_cs_client     = @@character_set_client */;
/*!40101 SET character_set_client = utf8 */;
CREATE TABLE `sign` (
  `id` int(11) NOT NULL AUTO_INCREMENT,
  `user_id` int(11) DEFAULT NULL,
  `mood` varchar(500) DEFAULT NULL COMMENT '此刻心情',
  `create_time` datetime DEFAULT CURRENT_TIMESTAMP,
  `update_time` datetime DEFAULT CURRENT_TIMESTAMP ON UPDATE CURRENT_TIMESTAMP,
  PRIMARY KEY (`id`)
) ENGINE=InnoDB DEFAULT CHARSET=utf8;
/*!40101 SET character_set_client = @saved_cs_client */;

--
-- Dumping data for table `sign`
--

LOCK TABLES `sign` WRITE;
/*!40000 ALTER TABLE `sign` DISABLE KEYS */;
/*!40000 ALTER TABLE `sign` ENABLE KEYS */;
UNLOCK TABLES;

--
-- Table structure for table `system_config`
--

DROP TABLE IF EXISTS `system_config`;
/*!40101 SET @saved_cs_client     = @@character_set_client */;
/*!40101 SET character_set_client = utf8 */;
CREATE TABLE `system_config` (
  `id` int(11) NOT NULL AUTO_INCREMENT,
  `sys_key` varchar(64) DEFAULT NULL,
  `sys_value1` varchar(100) DEFAULT NULL,
  `sys_value2` varchar(100) DEFAULT NULL,
  `content` varchar(50) DEFAULT NULL COMMENT '备注',
  `create_time` datetime DEFAULT CURRENT_TIMESTAMP,
  `update_time` datetime DEFAULT CURRENT_TIMESTAMP ON UPDATE CURRENT_TIMESTAMP,
  PRIMARY KEY (`id`),
  UNIQUE KEY `system_config_sys_key_uindex` (`sys_key`)
) ENGINE=InnoDB AUTO_INCREMENT=2 DEFAULT CHARSET=utf8;
/*!40101 SET character_set_client = @saved_cs_client */;

--
-- Dumping data for table `system_config`
--

LOCK TABLES `system_config` WRITE;
/*!40000 ALTER TABLE `system_config` DISABLE KEYS */;
INSERT INTO `system_config` VALUES (1,'file_dir','/home/ming/Music',NULL,'题目目录','2018-12-18 09:56:32','2018-12-18 10:03:30');
/*!40000 ALTER TABLE `system_config` ENABLE KEYS */;
UNLOCK TABLES;

--
-- Table structure for table `tag`
--

DROP TABLE IF EXISTS `tag`;
/*!40101 SET @saved_cs_client     = @@character_set_client */;
/*!40101 SET character_set_client = utf8 */;
CREATE TABLE `tag` (
  `id` int(11) NOT NULL AUTO_INCREMENT,
  `parent_id` int(11) DEFAULT '0' COMMENT '父标签',
  `name` varchar(50) DEFAULT NULL COMMENT '标签名称',
  `create_time` datetime DEFAULT CURRENT_TIMESTAMP,
  `update_time` datetime DEFAULT CURRENT_TIMESTAMP ON UPDATE CURRENT_TIMESTAMP,
  PRIMARY KEY (`id`)
) ENGINE=InnoDB AUTO_INCREMENT=26 DEFAULT CHARSET=utf8;
/*!40101 SET character_set_client = @saved_cs_client */;

--
-- Dumping data for table `tag`
--

LOCK TABLES `tag` WRITE;
/*!40000 ALTER TABLE `tag` DISABLE KEYS */;
INSERT INTO `tag` VALUES (1,0,'程序设计入门','2018-12-17 17:17:09','2019-02-13 21:19:00'),(2,0,'基础算法','2018-12-17 17:17:17','2019-02-13 21:19:00'),(4,0,'搜索算法','2018-12-23 19:02:28','2019-02-13 21:19:00'),(5,0,'动态规划','2018-12-23 19:02:28','2019-02-13 21:19:00'),(6,0,'基础数据结构','2018-12-23 19:02:28','2019-02-13 21:19:00'),(7,0,'高级数据结构','2018-12-23 19:02:28','2019-02-13 21:19:00'),(8,0,'字符串','2018-12-23 19:16:00','2019-02-13 21:19:00'),(9,0,'图论','2018-12-23 19:16:00','2019-02-13 21:19:00'),(10,0,'组合数学','2018-12-23 19:16:00','2019-02-13 21:19:00'),(11,0,'计算几何','2019-02-13 21:19:00','2019-02-13 21:19:00'),(13,0,'模板题','2019-02-13 21:19:00','2019-02-13 21:19:00'),(14,0,'其他算法','2019-02-13 21:19:00','2019-02-13 21:19:00'),(15,1,'输入和输出','2019-02-13 22:58:40','2019-02-13 22:59:57'),(16,1,'变量及其输入','2019-02-13 22:59:57','2019-02-13 22:59:57'),(17,1,'循环','2019-02-13 22:59:57','2019-02-13 23:00:13'),(18,1,'条件分支','2019-02-13 22:59:57','2019-02-13 23:00:13'),(19,1,'数学函数','2019-02-13 22:59:57','2019-02-13 23:00:13'),(20,1,'结构体','2019-02-13 22:59:57','2019-02-13 23:00:13'),(21,4,'深度优先搜索','2019-02-13 23:04:26','2019-02-13 23:04:52'),(22,4,'广度优先搜索','2019-02-13 23:04:26','2019-02-13 23:04:52'),(23,4,'搜索减枝','2019-02-13 23:04:26','2019-02-13 23:04:52'),(24,4,'A* 搜索','2019-02-13 23:04:26','2019-02-13 23:04:52'),(25,4,'启发式搜索','2019-02-13 23:04:26','2019-02-13 23:04:52');
/*!40000 ALTER TABLE `tag` ENABLE KEYS */;
UNLOCK TABLES;

--
-- Table structure for table `testcase_result`
--

DROP TABLE IF EXISTS `testcase_result`;
/*!40101 SET @saved_cs_client     = @@character_set_client */;
/*!40101 SET character_set_client = utf8 */;
CREATE TABLE `testcase_result` (
  `id` int(11) NOT NULL AUTO_INCREMENT,
  `pro_re_id` int(11) DEFAULT NULL COMMENT '题目结果id',
  `num` int(11) DEFAULT NULL COMMENT '用例编码',
  `user_output` varchar(2000) DEFAULT NULL COMMENT '用户输出',
  `time` bigint(20) DEFAULT NULL,
  `memory` bigint(20) DEFAULT NULL,
  `status` int(11) DEFAULT NULL COMMENT '1 ac 2 ce 3 pe 4 re 5 tle 6 me 7 wa',
  `create_time` datetime DEFAULT CURRENT_TIMESTAMP,
  `update_time` datetime DEFAULT CURRENT_TIMESTAMP ON UPDATE CURRENT_TIMESTAMP,
  PRIMARY KEY (`id`)
) ENGINE=InnoDB AUTO_INCREMENT=1289 DEFAULT CHARSET=utf8;
/*!40101 SET character_set_client = @saved_cs_client */;

--
-- Dumping data for table `testcase_result`
--

LOCK TABLES `testcase_result` WRITE;
/*!40000 ALTER TABLE `testcase_result` DISABLE KEYS */;
INSERT INTO `testcase_result` VALUES (839,182,1,'101\n',198,27036,1,'2019-03-16 23:01:18','2019-03-16 23:01:18'),(840,182,2,'7\n',192,27092,1,'2019-03-16 23:01:18','2019-03-16 23:01:18'),(841,182,3,'11\n',211,26704,1,'2019-03-16 23:01:18','2019-03-16 23:01:18'),(842,182,4,'15\n',187,26652,1,'2019-03-16 23:01:18','2019-03-16 23:01:18'),(843,182,5,'21\n',179,26208,1,'2019-03-16 23:01:18','2019-03-16 23:01:18'),(844,183,1,'101\n',156,26804,1,'2019-03-16 23:01:29','2019-03-16 23:01:29'),(845,183,2,'7\n',167,26824,1,'2019-03-16 23:01:29','2019-03-16 23:01:29'),(846,183,3,'11\n',170,26584,1,'2019-03-16 23:01:29','2019-03-16 23:01:29'),(847,183,4,'15\n',194,26756,1,'2019-03-16 23:01:29','2019-03-16 23:01:29'),(848,183,5,'21\n',186,26628,1,'2019-03-16 23:01:29','2019-03-16 23:01:29'),(849,184,1,NULL,NULL,NULL,4,'2019-03-16 23:02:07','2019-03-16 23:02:06'),(850,185,1,NULL,NULL,NULL,4,'2019-03-16 23:02:26','2019-03-16 23:02:25'),(851,186,1,NULL,NULL,NULL,4,'2019-03-16 23:04:22','2019-03-16 23:04:21'),(852,187,1,NULL,NULL,NULL,4,'2019-03-16 23:05:28','2019-03-16 23:05:28'),(853,187,2,NULL,NULL,NULL,4,'2019-03-16 23:05:28','2019-03-16 23:05:28'),(854,189,1,NULL,NULL,NULL,4,'2019-03-16 23:07:32','2019-03-16 23:07:31'),(855,189,2,NULL,NULL,NULL,4,'2019-03-16 23:07:32','2019-03-16 23:07:31'),(856,190,1,'123\n',80,24136,7,'2019-03-16 23:08:13','2019-03-16 23:08:12'),(857,190,2,'123\n',76,24336,1,'2019-03-16 23:08:13','2019-03-16 23:08:12'),(858,191,1,'123\n',75,24260,7,'2019-03-16 23:17:07','2019-03-16 23:17:06'),(859,191,2,'123\n',73,24416,1,'2019-03-16 23:17:07','2019-03-16 23:17:06'),(860,192,1,'Exception in thread \"main\" java.util.InputMismatchException\n	at java.util.Scanner.throwFor(Scanner.java:864)\n	at java.util.Scanner.next(Scanner.java:1485)\n	at java.util.Scanner.nextInt(Scanner.java:2117)\n	at java.util.Scanner.nextInt(Scanner.java:2076)\n	at Main.main(Main.java:6)\n',113,26380,4,'2019-03-16 23:18:36','2019-03-16 23:18:36'),(861,192,2,'Exception in thread \"main\" java.util.NoSuchElementException\n	at java.util.Scanner.throwFor(Scanner.java:862)\n	at java.util.Scanner.next(Scanner.java:1485)\n	at java.util.Scanner.nextInt(Scanner.java:2117)\n	at java.util.Scanner.nextInt(Scanner.java:2076)\n	at Main.main(Main.java:6)\n',119,26868,4,'2019-03-16 23:18:36','2019-03-16 23:18:36'),(862,193,1,'123\n',77,24148,7,'2019-03-16 23:18:48','2019-03-16 23:18:48'),(863,193,2,'123\n',71,24276,1,'2019-03-16 23:18:48','2019-03-16 23:18:48'),(864,194,1,'Exception in thread \"main\" java.util.InputMismatchException\n	at java.util.Scanner.throwFor(Scanner.java:864)\n	at java.util.Scanner.next(Scanner.java:1485)\n	at java.util.Scanner.nextInt(Scanner.java:2117)\n	at java.util.Scanner.nextInt(Scanner.java:2076)\n	at Main.main(Main.java:6)\n',122,26864,4,'2019-03-16 23:19:25','2019-03-16 23:19:25'),(865,194,2,'Exception in thread \"main\" java.util.NoSuchElementException\n	at java.util.Scanner.throwFor(Scanner.java:862)\n	at java.util.Scanner.next(Scanner.java:1485)\n	at java.util.Scanner.nextInt(Scanner.java:2117)\n	at java.util.Scanner.nextInt(Scanner.java:2076)\n	at Main.main(Main.java:6)\n',132,26448,4,'2019-03-16 23:19:25','2019-03-16 23:19:25'),(866,195,1,'Exception in thread \"main\" java.util.InputMismatchException\n	at java.util.Scanner.throwFor(Scanner.java:864)\n	at java.util.Scanner.next(Scanner.java:1485)\n	at java.util.Scanner.nextInt(Scanner.java:2117)\n	at java.util.Scanner.nextInt(Scanner.java:2076)\n	at Main.main(Main.java:6)\n',132,26700,4,'2019-03-16 23:19:26','2019-03-16 23:19:26'),(867,195,2,'Exception in thread \"main\" java.util.NoSuchElementException\n	at java.util.Scanner.throwFor(Scanner.java:862)\n	at java.util.Scanner.next(Scanner.java:1485)\n	at java.util.Scanner.nextInt(Scanner.java:2117)\n	at java.util.Scanner.nextInt(Scanner.java:2076)\n	at Main.main(Main.java:6)\n',137,26284,4,'2019-03-16 23:19:26','2019-03-16 23:19:26'),(868,196,1,'Exception in thread \"main\" java.util.InputMismatchException\n	at java.util.Scanner.throwFor(Scanner.java:864)\n	at java.util.Scanner.next(Scanner.java:1485)\n	at java.util.Scanner.nextInt(Scanner.java:2117)\n	at java.util.Scanner.nextInt(Scanner.java:2076)\n	at Main.main(Main.java:6)\n',138,26956,4,'2019-03-16 23:19:27','2019-03-16 23:19:26'),(869,196,2,'Exception in thread \"main\" java.util.NoSuchElementException\n	at java.util.Scanner.throwFor(Scanner.java:862)\n	at java.util.Scanner.next(Scanner.java:1485)\n	at java.util.Scanner.nextInt(Scanner.java:2117)\n	at java.util.Scanner.nextInt(Scanner.java:2076)\n	at Main.main(Main.java:6)\n',137,26596,4,'2019-03-16 23:19:27','2019-03-16 23:19:26'),(870,197,1,'Exception in thread \"main\" java.util.InputMismatchException\n	at java.util.Scanner.throwFor(Scanner.java:864)\n	at java.util.Scanner.next(Scanner.java:1485)\n	at java.util.Scanner.nextInt(Scanner.java:2117)\n	at java.util.Scanner.nextInt(Scanner.java:2076)\n	at Main.main(Main.java:6)\n',153,25936,4,'2019-03-16 23:19:27','2019-03-16 23:19:27'),(871,197,2,'Exception in thread \"main\" java.util.NoSuchElementException\n	at java.util.Scanner.throwFor(Scanner.java:862)\n	at java.util.Scanner.next(Scanner.java:1485)\n	at java.util.Scanner.nextInt(Scanner.java:2117)\n	at java.util.Scanner.nextInt(Scanner.java:2076)\n	at Main.main(Main.java:6)\n',126,26548,4,'2019-03-16 23:19:27','2019-03-16 23:19:27'),(872,198,1,'Exception in thread \"main\" java.util.InputMismatchException\n	at java.util.Scanner.throwFor(Scanner.java:864)\n	at java.util.Scanner.next(Scanner.java:1485)\n	at java.util.Scanner.nextInt(Scanner.java:2117)\n	at java.util.Scanner.nextInt(Scanner.java:2076)\n	at Main.main(Main.java:6)\n',119,26492,4,'2019-03-16 23:19:28','2019-03-16 23:19:28'),(873,198,2,'Exception in thread \"main\" java.util.NoSuchElementException\n	at java.util.Scanner.throwFor(Scanner.java:862)\n	at java.util.Scanner.next(Scanner.java:1485)\n	at java.util.Scanner.nextInt(Scanner.java:2117)\n	at java.util.Scanner.nextInt(Scanner.java:2076)\n	at Main.main(Main.java:6)\n',119,26700,4,'2019-03-16 23:19:28','2019-03-16 23:19:28'),(874,199,1,'101\n',196,26804,1,'2019-03-16 23:49:34','2019-03-16 23:49:34'),(875,199,2,'7\n',181,26824,1,'2019-03-16 23:49:34','2019-03-16 23:49:34'),(876,199,3,'11\n',200,27020,1,'2019-03-16 23:49:34','2019-03-16 23:49:34'),(877,199,4,'15\n',200,26928,1,'2019-03-16 23:49:34','2019-03-16 23:49:34'),(878,199,5,'21\n',182,27008,1,'2019-03-16 23:49:34','2019-03-16 23:49:34'),(879,200,1,'101\n',256,26848,1,'2019-03-16 23:49:38','2019-03-16 23:49:38'),(880,200,2,'7\n',240,27012,1,'2019-03-16 23:49:38','2019-03-16 23:49:38'),(881,200,3,'11\n',213,26924,1,'2019-03-16 23:49:38','2019-03-16 23:49:38'),(882,200,4,'15\n',261,26412,1,'2019-03-16 23:49:38','2019-03-16 23:49:38'),(883,200,5,'21\n',229,26820,1,'2019-03-16 23:49:38','2019-03-16 23:49:38'),(884,201,1,'101\n',208,26728,1,'2019-03-16 23:49:39','2019-03-16 23:49:39'),(885,201,2,'7\n',222,26676,1,'2019-03-16 23:49:39','2019-03-16 23:49:39'),(886,201,3,'11\n',198,26600,1,'2019-03-16 23:49:39','2019-03-16 23:49:39'),(887,201,4,'15\n',206,26804,1,'2019-03-16 23:49:39','2019-03-16 23:49:39'),(888,201,5,'21\n',205,26788,1,'2019-03-16 23:49:39','2019-03-16 23:49:39'),(889,202,1,'101\n',175,26632,1,'2019-03-16 23:51:15','2019-03-16 23:51:46'),(890,202,2,'7\n',191,26764,1,'2019-03-16 23:51:15','2019-03-16 23:51:46'),(891,202,3,'11\n',167,26952,1,'2019-03-16 23:51:15','2019-03-16 23:51:46'),(892,202,4,'15\n',183,26468,1,'2019-03-16 23:51:15','2019-03-16 23:51:46'),(893,202,5,'21\n',189,26632,1,'2019-03-16 23:51:15','2019-03-16 23:51:46'),(894,203,1,'101\n',200,26604,1,'2019-03-16 23:51:56','2019-03-16 23:53:52'),(895,203,2,'7\n',168,26884,1,'2019-03-16 23:51:56','2019-03-16 23:53:52'),(896,203,3,'11\n',186,26884,1,'2019-03-16 23:51:56','2019-03-16 23:53:52'),(897,203,4,'15\n',180,26300,1,'2019-03-16 23:51:56','2019-03-16 23:53:52'),(898,203,5,'21\n',185,26992,1,'2019-03-16 23:51:56','2019-03-16 23:53:52'),(899,204,1,'101\n',208,26444,1,'2019-03-16 23:54:26','2019-03-16 23:55:36'),(900,204,2,'7\n',189,26852,1,'2019-03-16 23:54:26','2019-03-16 23:55:36'),(901,204,3,'11\n',197,26764,1,'2019-03-16 23:54:26','2019-03-16 23:55:36'),(902,204,4,'15\n',177,26684,1,'2019-03-16 23:54:26','2019-03-16 23:55:36'),(903,204,5,'21\n',154,26948,1,'2019-03-16 23:54:26','2019-03-16 23:55:36'),(904,204,1,'101\n',232,27052,1,'2019-03-16 23:55:45','2019-03-16 23:55:52'),(905,204,2,'7\n',235,26800,1,'2019-03-16 23:55:45','2019-03-16 23:55:52'),(906,204,3,'11\n',198,26548,1,'2019-03-16 23:55:45','2019-03-16 23:55:52'),(907,204,4,'15\n',229,26948,1,'2019-03-16 23:55:45','2019-03-16 23:55:52'),(908,204,5,'21\n',227,27048,1,'2019-03-16 23:55:45','2019-03-16 23:55:52'),(909,205,1,'101\n',231,26668,1,'2019-03-16 23:56:10','2019-03-16 23:56:10'),(910,205,2,'7\n',203,26492,1,'2019-03-16 23:56:10','2019-03-16 23:56:10'),(911,205,3,'11\n',249,27092,1,'2019-03-16 23:56:10','2019-03-16 23:56:10'),(912,205,4,'15\n',207,27112,1,'2019-03-16 23:56:10','2019-03-16 23:56:10'),(913,205,5,'21\n',230,26992,1,'2019-03-16 23:56:10','2019-03-16 23:56:10'),(914,206,1,'101\n',194,26844,1,'2019-03-25 00:33:57','2019-03-25 00:33:57'),(915,206,2,'7\n',279,26844,1,'2019-03-25 00:33:57','2019-03-25 00:33:57'),(916,206,3,'11\n',253,26912,1,'2019-03-25 00:33:57','2019-03-25 00:33:57'),(917,206,4,'15\n',203,27176,1,'2019-03-25 00:33:57','2019-03-25 00:33:57'),(918,206,5,'21\n',294,27116,1,'2019-03-25 00:33:57','2019-03-25 00:33:57'),(919,207,1,'101\n',210,27136,1,'2019-03-25 00:39:37','2019-03-25 00:39:36'),(920,207,2,'7\n',210,27012,1,'2019-03-25 00:39:37','2019-03-25 00:39:36'),(921,207,3,'11\n',197,26736,1,'2019-03-25 00:39:37','2019-03-25 00:39:36'),(922,207,4,'15\n',233,26696,1,'2019-03-25 00:39:37','2019-03-25 00:39:36'),(923,207,5,'21\n',187,26732,1,'2019-03-25 00:39:37','2019-03-25 00:39:36'),(924,208,1,'101',0,0,1,'2019-03-25 00:42:49','2019-03-25 00:42:49'),(925,208,2,'7',0,0,1,'2019-03-25 00:42:49','2019-03-25 00:42:49'),(926,208,3,'11',0,0,1,'2019-03-25 00:42:49','2019-03-25 00:42:49'),(927,208,4,'15',0,0,1,'2019-03-25 00:42:49','2019-03-25 00:42:49'),(928,208,5,'21',0,0,1,'2019-03-25 00:42:49','2019-03-25 00:42:49'),(929,209,1,'101',0,0,1,'2019-03-25 00:43:24','2019-03-25 00:43:23'),(930,209,2,'7',0,0,1,'2019-03-25 00:43:24','2019-03-25 00:43:23'),(931,209,3,'11',0,0,1,'2019-03-25 00:43:24','2019-03-25 00:43:23'),(932,209,4,'15',0,0,1,'2019-03-25 00:43:24','2019-03-25 00:43:23'),(933,209,5,'21',0,0,1,'2019-03-25 00:43:24','2019-03-25 00:43:23'),(934,210,1,'123\n',67,24216,1,'2019-03-25 00:44:56','2019-03-25 00:44:56'),(935,211,1,'Exception in thread \"main\" java.util.InputMismatchException\n	at java.util.Scanner.throwFor(Scanner.java:864)\n	at java.util.Scanner.next(Scanner.java:1485)\n	at java.util.Scanner.nextInt(Scanner.java:2117)\n	at java.util.Scanner.nextInt(Scanner.java:2076)\n	at Main.main(Main.java:6)\n',108,26688,4,'2019-03-25 00:45:43','2019-03-25 00:45:43'),(936,212,1,'123\n',67,23912,1,'2019-03-25 00:45:50','2019-03-25 00:45:49'),(937,213,1,NULL,NULL,NULL,4,'2019-03-25 00:46:23','2019-03-25 00:46:23'),(938,213,2,NULL,NULL,NULL,4,'2019-03-25 00:46:23','2019-03-25 00:46:23'),(939,214,1,'101\n',195,26624,1,'2019-03-25 01:05:36','2019-03-25 01:05:36'),(940,214,2,'7\n',196,26688,1,'2019-03-25 01:05:36','2019-03-25 01:05:36'),(941,214,3,'11\n',193,26636,1,'2019-03-25 01:05:36','2019-03-25 01:05:36'),(942,214,4,'15\n',195,26792,1,'2019-03-25 01:05:36','2019-03-25 01:05:36'),(943,214,5,'21\n',197,26728,1,'2019-03-25 01:05:36','2019-03-25 01:05:36'),(944,215,1,'101\n',246,26668,1,'2019-03-25 01:05:42','2019-03-25 01:05:42'),(945,215,2,'7\n',256,27052,1,'2019-03-25 01:05:42','2019-03-25 01:05:42'),(946,215,3,'11\n',225,26800,1,'2019-03-25 01:05:42','2019-03-25 01:05:42'),(947,215,4,'15\n',198,26736,1,'2019-03-25 01:05:42','2019-03-25 01:05:42'),(948,215,5,'21\n',221,26920,1,'2019-03-25 01:05:42','2019-03-25 01:05:42'),(949,216,1,'101\n',279,26892,1,'2019-03-25 01:05:43','2019-03-25 01:05:43'),(950,216,2,'7\n',287,27212,1,'2019-03-25 01:05:43','2019-03-25 01:05:43'),(951,216,3,'11\n',311,27120,1,'2019-03-25 01:05:43','2019-03-25 01:05:43'),(952,216,4,'15\n',207,27092,1,'2019-03-25 01:05:43','2019-03-25 01:05:43'),(953,216,5,'21\n',284,26760,1,'2019-03-25 01:05:43','2019-03-25 01:05:43'),(954,217,1,'101\n',1,0,1,'2019-03-29 00:24:29','2019-03-29 00:24:29'),(955,217,2,'7\n',3,7128,1,'2019-03-29 00:24:29','2019-03-29 00:24:29'),(956,217,3,'11\n',2,0,1,'2019-03-29 00:24:29','2019-03-29 00:24:29'),(957,217,4,'15\n',0,0,1,'2019-03-29 00:24:29','2019-03-29 00:24:29'),(958,217,5,'21\n',0,0,1,'2019-03-29 00:24:29','2019-03-29 00:24:29'),(959,218,1,'/usr/bin/python3: can\'t find \'__main__\' module in \'/home/ming/gkuoj/file/testcase/1000/1553790311375\'\n',11,0,4,'2019-03-29 00:25:11','2019-03-29 00:25:11'),(960,218,2,'/usr/bin/python3: can\'t find \'__main__\' module in \'/home/ming/gkuoj/file/testcase/1000/1553790311375\'\n',3,0,4,'2019-03-29 00:25:11','2019-03-29 00:25:11'),(961,218,3,'/usr/bin/python3: can\'t find \'__main__\' module in \'/home/ming/gkuoj/file/testcase/1000/1553790311375\'\n',0,0,4,'2019-03-29 00:25:11','2019-03-29 00:25:11'),(962,218,4,'/usr/bin/python3: can\'t find \'__main__\' module in \'/home/ming/gkuoj/file/testcase/1000/1553790311375\'\n',39,0,4,'2019-03-29 00:25:11','2019-03-29 00:25:11'),(963,218,5,'/usr/bin/python3: can\'t find \'__main__\' module in \'/home/ming/gkuoj/file/testcase/1000/1553790311375\'\n',4,0,4,'2019-03-29 00:25:11','2019-03-29 00:25:11'),(964,219,1,'101\n',294,26716,1,'2019-03-29 00:25:34','2019-03-29 00:25:34'),(965,219,2,'7\n',281,26820,1,'2019-03-29 00:25:34','2019-03-29 00:25:34'),(966,219,3,'11\n',292,26728,1,'2019-03-29 00:25:34','2019-03-29 00:25:34'),(967,219,4,'15\n',290,27072,1,'2019-03-29 00:25:34','2019-03-29 00:25:34'),(968,219,5,'21\n',289,26600,1,'2019-03-29 00:25:34','2019-03-29 00:25:34'),(969,220,1,'101',0,0,1,'2019-03-29 00:25:38','2019-03-29 00:25:37'),(970,220,2,'7',0,0,1,'2019-03-29 00:25:38','2019-03-29 00:25:37'),(971,220,3,'11',0,0,1,'2019-03-29 00:25:38','2019-03-29 00:25:37'),(972,220,4,'15',0,0,1,'2019-03-29 00:25:38','2019-03-29 00:25:37'),(973,220,5,'21',0,0,1,'2019-03-29 00:25:38','2019-03-29 00:25:37'),(974,221,1,'101',0,0,1,'2019-03-29 00:25:43','2019-03-29 00:25:43'),(975,221,2,'7',0,0,1,'2019-03-29 00:25:43','2019-03-29 00:25:43'),(976,221,3,'11',0,0,1,'2019-03-29 00:25:43','2019-03-29 00:25:43'),(977,221,4,'15',0,0,1,'2019-03-29 00:25:43','2019-03-29 00:25:43'),(978,221,5,'21',0,0,1,'2019-03-29 00:25:43','2019-03-29 00:25:43'),(979,222,1,'/usr/bin/python3: can\'t find \'__main__\' module in \'/home/ming/gkuoj/file/testcase/1000/1553790347172\'\n',45,9168,4,'2019-03-29 00:25:47','2019-03-29 00:25:47'),(980,222,2,'/usr/bin/python3: can\'t find \'__main__\' module in \'/home/ming/gkuoj/file/testcase/1000/1553790347172\'\n',38,9400,4,'2019-03-29 00:25:47','2019-03-29 00:25:47'),(981,222,3,'/usr/bin/python3: can\'t find \'__main__\' module in \'/home/ming/gkuoj/file/testcase/1000/1553790347172\'\n',43,9228,4,'2019-03-29 00:25:47','2019-03-29 00:25:47'),(982,222,4,'/usr/bin/python3: can\'t find \'__main__\' module in \'/home/ming/gkuoj/file/testcase/1000/1553790347172\'\n',48,9396,4,'2019-03-29 00:25:47','2019-03-29 00:25:47'),(983,222,5,'/usr/bin/python3: can\'t find \'__main__\' module in \'/home/ming/gkuoj/file/testcase/1000/1553790347172\'\n',49,9332,4,'2019-03-29 00:25:47','2019-03-29 00:25:47'),(984,223,1,'101\n',7,6048,1,'2019-03-29 00:25:52','2019-03-29 00:25:52'),(985,223,2,'7\n',1,0,1,'2019-03-29 00:25:52','2019-03-29 00:25:52'),(986,223,3,'11\n',13,5624,1,'2019-03-29 00:25:52','2019-03-29 00:25:52'),(987,223,4,'15\n',13,4800,1,'2019-03-29 00:25:52','2019-03-29 00:25:52'),(988,223,5,'21\n',3,0,1,'2019-03-29 00:25:52','2019-03-29 00:25:52'),(989,224,1,'101\n',6,0,1,'2019-03-29 00:25:54','2019-03-29 00:25:54'),(990,224,2,'7\n',5,7176,1,'2019-03-29 00:25:54','2019-03-29 00:25:54'),(991,224,3,'11\n',9,7112,1,'2019-03-29 00:25:54','2019-03-29 00:25:54'),(992,224,4,'15\n',12,7104,1,'2019-03-29 00:25:54','2019-03-29 00:25:54'),(993,224,5,'21\n',3,0,1,'2019-03-29 00:25:54','2019-03-29 00:25:54'),(994,225,1,'101\n',14,6148,1,'2019-03-29 00:25:55','2019-03-29 00:25:55'),(995,225,2,'7\n',4,0,1,'2019-03-29 00:25:55','2019-03-29 00:25:55'),(996,225,3,'11\n',12,5976,1,'2019-03-29 00:25:55','2019-03-29 00:25:55'),(997,225,4,'15\n',16,7100,1,'2019-03-29 00:25:55','2019-03-29 00:25:55'),(998,225,5,'21\n',18,5816,1,'2019-03-29 00:25:55','2019-03-29 00:25:55'),(999,226,1,'/usr/bin/python3: can\'t find \'__main__\' module in \'/home/ming/gkuoj/file/testcase/1000/1553790363811\'\n',64,9332,4,'2019-03-29 00:26:04','2019-03-29 00:26:03'),(1000,226,2,'/usr/bin/python3: can\'t find \'__main__\' module in \'/home/ming/gkuoj/file/testcase/1000/1553790363811\'\n',42,9340,4,'2019-03-29 00:26:04','2019-03-29 00:26:03'),(1001,226,3,'/usr/bin/python3: can\'t find \'__main__\' module in \'/home/ming/gkuoj/file/testcase/1000/1553790363811\'\n',56,9344,4,'2019-03-29 00:26:04','2019-03-29 00:26:03'),(1002,226,4,'/usr/bin/python3: can\'t find \'__main__\' module in \'/home/ming/gkuoj/file/testcase/1000/1553790363811\'\n',47,9212,4,'2019-03-29 00:26:04','2019-03-29 00:26:03'),(1003,226,5,'/usr/bin/python3: can\'t find \'__main__\' module in \'/home/ming/gkuoj/file/testcase/1000/1553790363811\'\n',53,9400,4,'2019-03-29 00:26:04','2019-03-29 00:26:03'),(1004,227,1,'/usr/bin/python3: can\'t find \'__main__\' module in \'/home/ming/gkuoj/file/testcase/1000/1553790460536\'\n',39,9144,4,'2019-03-29 00:27:41','2019-03-29 00:27:40'),(1005,227,2,'/usr/bin/python3: can\'t find \'__main__\' module in \'/home/ming/gkuoj/file/testcase/1000/1553790460536\'\n',50,9332,4,'2019-03-29 00:27:41','2019-03-29 00:27:40'),(1006,227,3,'/usr/bin/python3: can\'t find \'__main__\' module in \'/home/ming/gkuoj/file/testcase/1000/1553790460536\'\n',48,9348,4,'2019-03-29 00:27:41','2019-03-29 00:27:40'),(1007,227,4,'/usr/bin/python3: can\'t find \'__main__\' module in \'/home/ming/gkuoj/file/testcase/1000/1553790460536\'\n',36,9060,4,'2019-03-29 00:27:41','2019-03-29 00:27:40'),(1008,227,5,'/usr/bin/python3: can\'t find \'__main__\' module in \'/home/ming/gkuoj/file/testcase/1000/1553790460536\'\n',53,9140,4,'2019-03-29 00:27:41','2019-03-29 00:27:40'),(1009,228,1,'/usr/bin/python3: can\'t find \'__main__\' module in \'/home/ming/gkuoj/file/testcase/1000/1553790484853\'\n',10,9404,4,'2019-03-29 00:28:05','2019-03-29 00:28:04'),(1010,228,2,'/usr/bin/python3: can\'t find \'__main__\' module in \'/home/ming/gkuoj/file/testcase/1000/1553790484853\'\n',14,9404,4,'2019-03-29 00:28:05','2019-03-29 00:28:04'),(1011,228,3,'/usr/bin/python3: can\'t find \'__main__\' module in \'/home/ming/gkuoj/file/testcase/1000/1553790484853\'\n',44,9404,4,'2019-03-29 00:28:05','2019-03-29 00:28:04'),(1012,228,4,'/usr/bin/python3: can\'t find \'__main__\' module in \'/home/ming/gkuoj/file/testcase/1000/1553790484853\'\n',37,8612,4,'2019-03-29 00:28:05','2019-03-29 00:28:04'),(1013,228,5,'/usr/bin/python3: can\'t find \'__main__\' module in \'/home/ming/gkuoj/file/testcase/1000/1553790484853\'\n',21,9396,4,'2019-03-29 00:28:05','2019-03-29 00:28:04'),(1014,229,1,'/usr/bin/python3: can\'t find \'__main__\' module in \'/home/ming/gkuoj/file/testcase/1000/1553790541903\'\n',18,9332,4,'2019-03-29 00:29:02','2019-03-29 00:29:02'),(1015,229,2,'/usr/bin/python3: can\'t find \'__main__\' module in \'/home/ming/gkuoj/file/testcase/1000/1553790541903\'\n',29,9404,4,'2019-03-29 00:29:02','2019-03-29 00:29:02'),(1016,229,3,'/usr/bin/python3: can\'t find \'__main__\' module in \'/home/ming/gkuoj/file/testcase/1000/1553790541903\'\n',39,9344,4,'2019-03-29 00:29:02','2019-03-29 00:29:02'),(1017,229,4,'/usr/bin/python3: can\'t find \'__main__\' module in \'/home/ming/gkuoj/file/testcase/1000/1553790541903\'\n',26,9332,4,'2019-03-29 00:29:02','2019-03-29 00:29:02'),(1018,229,5,'/usr/bin/python3: can\'t find \'__main__\' module in \'/home/ming/gkuoj/file/testcase/1000/1553790541903\'\n',39,9168,4,'2019-03-29 00:29:02','2019-03-29 00:29:02'),(1019,230,1,'/usr/bin/python3: can\'t find \'__main__\' module in \'/home/ming/gkuoj/file/testcase/1000/1553790558406\'\n',43,9348,4,'2019-03-29 00:29:18','2019-03-29 00:29:18'),(1020,230,2,'/usr/bin/python3: can\'t find \'__main__\' module in \'/home/ming/gkuoj/file/testcase/1000/1553790558406\'\n',48,9344,4,'2019-03-29 00:29:18','2019-03-29 00:29:18'),(1021,230,3,'/usr/bin/python3: can\'t find \'__main__\' module in \'/home/ming/gkuoj/file/testcase/1000/1553790558406\'\n',36,9212,4,'2019-03-29 00:29:18','2019-03-29 00:29:18'),(1022,230,4,'/usr/bin/python3: can\'t find \'__main__\' module in \'/home/ming/gkuoj/file/testcase/1000/1553790558406\'\n',50,9212,4,'2019-03-29 00:29:18','2019-03-29 00:29:18'),(1023,230,5,'/usr/bin/python3: can\'t find \'__main__\' module in \'/home/ming/gkuoj/file/testcase/1000/1553790558406\'\n',42,9228,4,'2019-03-29 00:29:18','2019-03-29 00:29:18'),(1024,231,1,'/usr/bin/python3: can\'t find \'__main__\' module in \'/home/ming/gkuoj/file/testcase/1000/1553790583417\'\n',52,9404,4,'2019-03-29 00:29:43','2019-03-29 00:29:43'),(1025,231,2,'/usr/bin/python3: can\'t find \'__main__\' module in \'/home/ming/gkuoj/file/testcase/1000/1553790583417\'\n',40,9212,4,'2019-03-29 00:29:43','2019-03-29 00:29:43'),(1026,231,3,'/usr/bin/python3: can\'t find \'__main__\' module in \'/home/ming/gkuoj/file/testcase/1000/1553790583417\'\n',52,9332,4,'2019-03-29 00:29:43','2019-03-29 00:29:43'),(1027,231,4,'/usr/bin/python3: can\'t find \'__main__\' module in \'/home/ming/gkuoj/file/testcase/1000/1553790583417\'\n',51,9404,4,'2019-03-29 00:29:43','2019-03-29 00:29:43'),(1028,231,5,'/usr/bin/python3: can\'t find \'__main__\' module in \'/home/ming/gkuoj/file/testcase/1000/1553790583417\'\n',60,9144,4,'2019-03-29 00:29:43','2019-03-29 00:29:43'),(1029,232,1,'/usr/bin/python3: can\'t find \'__main__\' module in \'/home/ming/gkuoj/file/testcase/1000/1553790596182\'\n',584,9392,4,'2019-03-29 00:29:56','2019-03-29 00:30:26'),(1030,232,2,'/usr/bin/python3: can\'t find \'__main__\' module in \'/home/ming/gkuoj/file/testcase/1000/1553790596182\'\n',583,9340,4,'2019-03-29 00:29:56','2019-03-29 00:30:26'),(1031,232,3,'/usr/bin/python3: can\'t find \'__main__\' module in \'/home/ming/gkuoj/file/testcase/1000/1553790596182\'\n',55,9140,4,'2019-03-29 00:29:56','2019-03-29 00:30:26'),(1032,232,4,'/usr/bin/python3: can\'t find \'__main__\' module in \'/home/ming/gkuoj/file/testcase/1000/1553790596182\'\n',51,9348,4,'2019-03-29 00:29:56','2019-03-29 00:30:26'),(1033,232,5,'/usr/bin/python3: can\'t find \'__main__\' module in \'/home/ming/gkuoj/file/testcase/1000/1553790596182\'\n',607,9144,4,'2019-03-29 00:29:56','2019-03-29 00:30:26'),(1034,233,1,'/usr/bin/python3: can\'t find \'__main__\' module in \'/home/ming/gkuoj/file/testcase/1000/1553791164398\'\n',122,9400,4,'2019-03-29 00:39:24','2019-03-29 00:39:48'),(1035,233,2,'/usr/bin/python3: can\'t find \'__main__\' module in \'/home/ming/gkuoj/file/testcase/1000/1553791164398\'\n',111,9244,4,'2019-03-29 00:39:24','2019-03-29 00:39:48'),(1036,233,3,'/usr/bin/python3: can\'t find \'__main__\' module in \'/home/ming/gkuoj/file/testcase/1000/1553791164398\'\n',141,9604,4,'2019-03-29 00:39:24','2019-03-29 00:39:48'),(1037,233,4,'/usr/bin/python3: can\'t find \'__main__\' module in \'/home/ming/gkuoj/file/testcase/1000/1553791164398\'\n',46,9188,4,'2019-03-29 00:39:24','2019-03-29 00:39:48'),(1038,233,5,'/usr/bin/python3: can\'t find \'__main__\' module in \'/home/ming/gkuoj/file/testcase/1000/1553791164398\'\n',26,9212,4,'2019-03-29 00:39:24','2019-03-29 00:39:48'),(1039,234,1,'/usr/bin/python3: can\'t find \'__main__\' module in \'/home/ming/gkuoj/file/testcase/1000/1553791215592\'\n',2,0,4,'2019-03-29 00:40:16','2019-03-29 00:40:34'),(1040,234,2,'/usr/bin/python3: can\'t find \'__main__\' module in \'/home/ming/gkuoj/file/testcase/1000/1553791215592\'\n',0,0,4,'2019-03-29 00:40:20','2019-03-29 00:40:34'),(1041,234,3,'/usr/bin/python3: can\'t find \'__main__\' module in \'/home/ming/gkuoj/file/testcase/1000/1553791215592\'\n',10,0,4,'2019-03-29 00:40:16','2019-03-29 00:40:34'),(1042,234,4,NULL,NULL,NULL,5,'2019-03-29 00:40:16','2019-03-29 00:40:34'),(1043,234,5,'/usr/bin/python3: can\'t find \'__main__\' module in \'/home/ming/gkuoj/file/testcase/1000/1553791215592\'\n',0,0,4,'2019-03-29 00:40:16','2019-03-29 00:40:34'),(1044,235,1,'/usr/bin/python3: can\'t find \'__main__\' module in \'/home/ming/gkuoj/file/testcase/1000/1553791303944\'\n',15690,9172,5,'2019-03-29 00:41:44','2019-03-29 00:43:06'),(1045,235,2,'/usr/bin/python3: can\'t find \'__main__\' module in \'/home/ming/gkuoj/file/testcase/1000/1553791303944\'\n',27501,NULL,5,'2019-03-29 00:42:37','2019-03-29 00:43:06'),(1046,235,3,'',0,0,5,'2019-03-29 00:41:44','2019-03-29 00:43:06'),(1047,235,4,'/usr/bin/python3: can\'t find \'__main__\' module in \'/home/ming/gkuoj/file/testcase/1000/1553791303944\'\n',0,0,4,'2019-03-29 00:42:00','2019-03-29 00:43:06'),(1048,235,5,'/usr/bin/python3: can\'t find \'__main__\' module in \'/home/ming/gkuoj/file/testcase/1000/1553791303944\'\n',15709,8932,5,'2019-03-29 00:41:44','2019-03-29 00:43:06'),(1049,236,1,'/usr/bin/python3: can\'t find \'__main__\' module in \'/home/ming/gkuoj/file/testcase/1000/1553791672831\'\n',97,9404,4,'2019-03-29 00:47:53','2019-03-29 00:47:52'),(1050,236,2,'/usr/bin/python3: can\'t find \'__main__\' module in \'/home/ming/gkuoj/file/testcase/1000/1553791672831\'\n',81,9224,4,'2019-03-29 00:47:53','2019-03-29 00:47:52'),(1051,236,3,'/usr/bin/python3: can\'t find \'__main__\' module in \'/home/ming/gkuoj/file/testcase/1000/1553791672831\'\n',95,9212,4,'2019-03-29 00:47:53','2019-03-29 00:47:52'),(1052,236,4,'/usr/bin/python3: can\'t find \'__main__\' module in \'/home/ming/gkuoj/file/testcase/1000/1553791672831\'\n',96,9412,4,'2019-03-29 00:47:53','2019-03-29 00:47:52'),(1053,236,5,'/usr/bin/python3: can\'t find \'__main__\' module in \'/home/ming/gkuoj/file/testcase/1000/1553791672831\'\n',93,9264,4,'2019-03-29 00:47:53','2019-03-29 00:47:52'),(1054,237,1,'/usr/bin/python3: can\'t find \'__main__\' module in \'/home/ming/gkuoj/file/testcase/1000/1553791681129\'\n',0,0,4,'2019-03-29 00:50:07','2019-03-29 00:50:06'),(1055,237,2,'/usr/bin/python3: can\'t find \'__main__\' module in \'/home/ming/gkuoj/file/testcase/1000/1553791681129\'\n',30,9416,4,'2019-03-29 00:50:07','2019-03-29 00:50:06'),(1056,237,3,'/usr/bin/python3: can\'t find \'__main__\' module in \'/home/ming/gkuoj/file/testcase/1000/1553791681129\'\n',0,0,4,'2019-03-29 00:50:05','2019-03-29 00:50:06'),(1057,237,4,'/usr/bin/python3: can\'t find \'__main__\' module in \'/home/ming/gkuoj/file/testcase/1000/1553791681129\'\n',646,0,4,'2019-03-29 00:50:04','2019-03-29 00:50:06'),(1058,237,5,'/usr/bin/python3: can\'t find \'__main__\' module in \'/home/ming/gkuoj/file/testcase/1000/1553791681129\'\n',0,0,4,'2019-03-29 00:50:04','2019-03-29 00:50:06'),(1059,238,1,'101\n',5,8484,1,'2019-03-29 00:50:37','2019-03-29 00:50:36'),(1060,238,2,'7\n',16,8680,1,'2019-03-29 00:50:37','2019-03-29 00:50:36'),(1061,238,3,'11\n',25,8484,1,'2019-03-29 00:50:36','2019-03-29 00:50:36'),(1062,238,4,'15\n',4,0,1,'2019-03-29 00:50:36','2019-03-29 00:50:36'),(1063,238,5,'21\n',18,8616,1,'2019-03-29 00:50:37','2019-03-29 00:50:36'),(1064,239,1,'101\n',23,8380,1,'2019-03-29 00:50:39','2019-03-29 00:50:38'),(1065,239,2,'7\n',15,8488,1,'2019-03-29 00:50:39','2019-03-29 00:50:38'),(1066,239,3,'11\n',30,8688,1,'2019-03-29 00:50:39','2019-03-29 00:50:38'),(1067,239,4,'15\n',32,8496,1,'2019-03-29 00:50:39','2019-03-29 00:50:38'),(1068,239,5,'21\n',20,8608,1,'2019-03-29 00:50:39','2019-03-29 00:50:38'),(1069,240,1,'101\n',16,8416,1,'2019-03-29 00:50:39','2019-03-29 00:50:39'),(1070,240,2,'7\n',20,8328,1,'2019-03-29 00:50:39','2019-03-29 00:50:39'),(1071,240,3,'11\n',21,8120,1,'2019-03-29 00:50:39','2019-03-29 00:50:39'),(1072,240,4,'15\n',29,7804,1,'2019-03-29 00:50:39','2019-03-29 00:50:39'),(1073,240,5,'21\n',20,8680,1,'2019-03-29 00:50:39','2019-03-29 00:50:39'),(1074,241,1,'  File \"/home/ming/gkuoj/file/testcase/1000/1553791875618/Main.py3\", line 3\n    \n                       ^\nSyntaxError: unexpected EOF while parsing\n',23,8356,4,'2019-03-29 00:51:16','2019-03-29 00:51:15'),(1075,241,2,'  File \"/home/ming/gkuoj/file/testcase/1000/1553791875618/Main.py3\", line 3\n    \n                       ^\nSyntaxError: unexpected EOF while parsing\n',25,8484,4,'2019-03-29 00:51:16','2019-03-29 00:51:15'),(1076,241,3,'  File \"/home/ming/gkuoj/file/testcase/1000/1553791875618/Main.py3\", line 3\n    \n                       ^\nSyntaxError: unexpected EOF while parsing\n',23,8488,4,'2019-03-29 00:51:16','2019-03-29 00:51:15'),(1077,241,4,'  File \"/home/ming/gkuoj/file/testcase/1000/1553791875618/Main.py3\", line 3\n    \n                       ^\nSyntaxError: unexpected EOF while parsing\n',23,8412,4,'2019-03-29 00:51:16','2019-03-29 00:51:15'),(1078,241,5,'  File \"/home/ming/gkuoj/file/testcase/1000/1553791875618/Main.py3\", line 3\n    \n                       ^\nSyntaxError: unexpected EOF while parsing\n',25,8612,4,'2019-03-29 00:51:16','2019-03-29 00:51:15'),(1079,242,1,'  File \"/home/ming/gkuoj/file/testcase/1000/1553791879479/Main.py3\", line 3\n    \n           ^\nSyntaxError: unexpected EOF while parsing\n',14,8388,4,'2019-03-29 00:51:20','2019-03-29 00:51:19'),(1080,242,2,'  File \"/home/ming/gkuoj/file/testcase/1000/1553791879479/Main.py3\", line 3\n    \n           ^\nSyntaxError: unexpected EOF while parsing\n',14,8556,4,'2019-03-29 00:51:20','2019-03-29 00:51:19'),(1081,242,3,'  File \"/home/ming/gkuoj/file/testcase/1000/1553791879479/Main.py3\", line 3\n    \n           ^\nSyntaxError: unexpected EOF while parsing\n',26,8616,4,'2019-03-29 00:51:20','2019-03-29 00:51:19'),(1082,242,4,'  File \"/home/ming/gkuoj/file/testcase/1000/1553791879479/Main.py3\", line 3\n    \n           ^\nSyntaxError: unexpected EOF while parsing\n',21,8412,4,'2019-03-29 00:51:20','2019-03-29 00:51:19'),(1083,242,5,'  File \"/home/ming/gkuoj/file/testcase/1000/1553791879479/Main.py3\", line 3\n    \n           ^\nSyntaxError: unexpected EOF while parsing\n',21,8432,4,'2019-03-29 00:51:20','2019-03-29 00:51:19'),(1084,244,1,'101\n',250,26748,1,'2019-04-21 21:51:29','2019-04-21 21:51:29'),(1085,244,2,'7\n',352,26828,1,'2019-04-21 21:51:29','2019-04-21 21:51:29'),(1086,244,3,'11\n',351,26676,1,'2019-04-21 21:51:29','2019-04-21 21:51:29'),(1087,244,4,'15\n',359,26708,1,'2019-04-21 21:51:29','2019-04-21 21:51:29'),(1088,244,5,'21\n',364,26744,1,'2019-04-21 21:51:29','2019-04-21 21:51:29'),(1089,245,1,'101\n',176,26996,1,'2019-04-21 21:53:56','2019-04-21 21:53:56'),(1090,245,2,'7\n',217,26996,1,'2019-04-21 21:53:56','2019-04-21 21:53:56'),(1091,245,3,'11\n',173,26616,1,'2019-04-21 21:53:56','2019-04-21 21:53:56'),(1092,245,4,'15\n',208,26804,1,'2019-04-21 21:53:56','2019-04-21 21:53:56'),(1093,245,5,'21\n',152,26440,1,'2019-04-21 21:53:56','2019-04-21 21:53:56'),(1094,246,1,'101',0,0,1,'2019-04-21 21:55:28','2019-04-21 21:55:28'),(1095,246,2,'7',0,0,1,'2019-04-21 21:55:28','2019-04-21 21:55:28'),(1096,246,3,'11',0,0,1,'2019-04-21 21:55:28','2019-04-21 21:55:28'),(1097,246,4,'15',0,0,1,'2019-04-21 21:55:28','2019-04-21 21:55:28'),(1098,246,5,'21',0,0,1,'2019-04-21 21:55:28','2019-04-21 21:55:28'),(1099,247,1,'101',0,0,1,'2019-04-21 21:55:46','2019-04-21 21:55:46'),(1100,247,2,'7',0,0,1,'2019-04-21 21:55:46','2019-04-21 21:55:46'),(1101,247,3,'11',0,0,1,'2019-04-21 21:55:46','2019-04-21 21:55:46'),(1102,247,4,'15',0,0,1,'2019-04-21 21:55:46','2019-04-21 21:55:46'),(1103,247,5,'21',0,0,1,'2019-04-21 21:55:46','2019-04-21 21:55:46'),(1104,248,1,'101',0,0,1,'2019-04-21 21:55:48','2019-04-21 21:55:47'),(1105,248,2,'7',0,0,1,'2019-04-21 21:55:48','2019-04-21 21:55:47'),(1106,248,3,'11',0,0,1,'2019-04-21 21:55:48','2019-04-21 21:55:47'),(1107,248,4,'15',0,0,1,'2019-04-21 21:55:48','2019-04-21 21:55:47'),(1108,248,5,'21',0,0,1,'2019-04-21 21:55:48','2019-04-21 21:55:47'),(1109,249,1,'101',0,0,1,'2019-04-21 21:55:49','2019-04-21 21:55:49'),(1110,249,2,'7',0,0,1,'2019-04-21 21:55:49','2019-04-21 21:55:49'),(1111,249,3,'11',0,0,1,'2019-04-21 21:55:49','2019-04-21 21:55:49'),(1112,249,4,'15',0,0,1,'2019-04-21 21:55:49','2019-04-21 21:55:49'),(1113,249,5,'21',0,0,1,'2019-04-21 21:55:49','2019-04-21 21:55:49'),(1114,250,1,'101',0,0,1,'2019-04-21 21:55:50','2019-04-21 21:55:50'),(1115,250,2,'7',0,0,1,'2019-04-21 21:55:50','2019-04-21 21:55:50'),(1116,250,3,'11',0,0,1,'2019-04-21 21:55:50','2019-04-21 21:55:50'),(1117,250,4,'15',0,0,1,'2019-04-21 21:55:50','2019-04-21 21:55:50'),(1118,250,5,'21',1,0,1,'2019-04-21 21:55:50','2019-04-21 21:55:50'),(1119,251,1,'101',0,0,1,'2019-04-21 21:55:51','2019-04-21 21:55:51'),(1120,251,2,'7',0,0,1,'2019-04-21 21:55:51','2019-04-21 21:55:51'),(1121,251,3,'11',0,0,1,'2019-04-21 21:55:51','2019-04-21 21:55:51'),(1122,251,4,'15',0,0,1,'2019-04-21 21:55:51','2019-04-21 21:55:51'),(1123,251,5,'21',0,0,1,'2019-04-21 21:55:51','2019-04-21 21:55:51'),(1124,252,1,'101',1,0,1,'2019-04-21 21:55:52','2019-04-21 21:55:52'),(1125,252,2,'7',0,0,1,'2019-04-21 21:55:52','2019-04-21 21:55:52'),(1126,252,3,'11',0,0,1,'2019-04-21 21:55:52','2019-04-21 21:55:52'),(1127,252,4,'15',0,0,1,'2019-04-21 21:55:52','2019-04-21 21:55:52'),(1128,252,5,'21',0,0,1,'2019-04-21 21:55:52','2019-04-21 21:55:52'),(1129,253,1,'101',0,0,1,'2019-04-21 21:55:53','2019-04-21 21:55:53'),(1130,253,2,'7',0,0,1,'2019-04-21 21:55:53','2019-04-21 21:55:53'),(1131,253,3,'11',0,0,1,'2019-04-21 21:55:53','2019-04-21 21:55:53'),(1132,253,4,'15',0,0,1,'2019-04-21 21:55:53','2019-04-21 21:55:53'),(1133,253,5,'21',0,0,1,'2019-04-21 21:55:53','2019-04-21 21:55:53'),(1134,254,1,'101',0,0,1,'2019-04-21 21:55:55','2019-04-21 21:55:55'),(1135,254,2,'7',0,0,1,'2019-04-21 21:55:55','2019-04-21 21:55:55'),(1136,254,3,'11',0,0,1,'2019-04-21 21:55:55','2019-04-21 21:55:55'),(1137,254,4,'15',0,0,1,'2019-04-21 21:55:55','2019-04-21 21:55:55'),(1138,254,5,'21',0,0,1,'2019-04-21 21:55:55','2019-04-21 21:55:55'),(1139,255,1,'101',0,0,1,'2019-04-21 21:55:59','2019-04-21 21:55:58'),(1140,255,2,'7',0,0,1,'2019-04-21 21:55:59','2019-04-21 21:55:58'),(1141,255,3,'11',0,0,1,'2019-04-21 21:55:59','2019-04-21 21:55:58'),(1142,255,4,'15',0,0,1,'2019-04-21 21:55:59','2019-04-21 21:55:58'),(1143,255,5,'21',0,0,1,'2019-04-21 21:55:59','2019-04-21 21:55:58'),(1144,256,1,'101',0,0,1,'2019-04-21 21:56:00','2019-04-21 21:55:59'),(1145,256,2,'7',0,0,1,'2019-04-21 21:56:00','2019-04-21 21:55:59'),(1146,256,3,'11',0,0,1,'2019-04-21 21:56:00','2019-04-21 21:55:59'),(1147,256,4,'15',0,0,1,'2019-04-21 21:56:00','2019-04-21 21:55:59'),(1148,256,5,'21',0,0,1,'2019-04-21 21:56:00','2019-04-21 21:55:59'),(1149,257,1,'101',0,0,1,'2019-04-21 21:56:20','2019-04-21 21:56:19'),(1150,257,2,'7',0,0,1,'2019-04-21 21:56:20','2019-04-21 21:56:19'),(1151,257,3,'11',0,0,1,'2019-04-21 21:56:20','2019-04-21 21:56:19'),(1152,257,4,'15',0,0,1,'2019-04-21 21:56:20','2019-04-21 21:56:19'),(1153,257,5,'21',0,0,1,'2019-04-21 21:56:20','2019-04-21 21:56:19'),(1154,258,1,'101',0,0,1,'2019-04-21 21:56:21','2019-04-21 21:56:21'),(1155,258,2,'7',0,0,1,'2019-04-21 21:56:21','2019-04-21 21:56:21'),(1156,258,3,'11',0,0,1,'2019-04-21 21:56:21','2019-04-21 21:56:21'),(1157,258,4,'15',0,0,1,'2019-04-21 21:56:21','2019-04-21 21:56:21'),(1158,258,5,'21',0,0,1,'2019-04-21 21:56:21','2019-04-21 21:56:21'),(1159,259,1,'101',0,0,1,'2019-04-21 21:56:22','2019-04-21 21:56:21'),(1160,259,2,'7',0,0,1,'2019-04-21 21:56:22','2019-04-21 21:56:21'),(1161,259,3,'11',0,0,1,'2019-04-21 21:56:22','2019-04-21 21:56:21'),(1162,259,4,'15',0,0,1,'2019-04-21 21:56:22','2019-04-21 21:56:21'),(1163,259,5,'21',0,0,1,'2019-04-21 21:56:22','2019-04-21 21:56:21'),(1164,260,1,'101',0,0,1,'2019-04-21 21:56:22','2019-04-21 21:56:22'),(1165,260,2,'7',0,0,1,'2019-04-21 21:56:22','2019-04-21 21:56:22'),(1166,260,3,'11',0,0,1,'2019-04-21 21:56:22','2019-04-21 21:56:22'),(1167,260,4,'15',0,0,1,'2019-04-21 21:56:22','2019-04-21 21:56:22'),(1168,260,5,'21',0,0,1,'2019-04-21 21:56:22','2019-04-21 21:56:22'),(1169,261,1,'101',0,0,1,'2019-04-21 21:56:22','2019-04-21 21:56:22'),(1170,261,2,'7',0,0,1,'2019-04-21 21:56:22','2019-04-21 21:56:22'),(1171,261,3,'11',0,0,1,'2019-04-21 21:56:22','2019-04-21 21:56:22'),(1172,261,4,'15',0,0,1,'2019-04-21 21:56:22','2019-04-21 21:56:22'),(1173,261,5,'21',0,0,1,'2019-04-21 21:56:22','2019-04-21 21:56:22'),(1174,262,1,'101',0,0,1,'2019-04-21 21:56:23','2019-04-21 21:56:22'),(1175,262,2,'7',0,0,1,'2019-04-21 21:56:23','2019-04-21 21:56:22'),(1176,262,3,'11',0,0,1,'2019-04-21 21:56:23','2019-04-21 21:56:22'),(1177,262,4,'15',0,0,1,'2019-04-21 21:56:23','2019-04-21 21:56:22'),(1178,262,5,'21',0,0,1,'2019-04-21 21:56:23','2019-04-21 21:56:22'),(1179,263,1,'101',0,0,1,'2019-04-21 21:56:23','2019-04-21 21:56:22'),(1180,263,2,'7',0,0,1,'2019-04-21 21:56:23','2019-04-21 21:56:22'),(1181,263,3,'11',0,0,1,'2019-04-21 21:56:23','2019-04-21 21:56:22'),(1182,263,4,'15',0,0,1,'2019-04-21 21:56:23','2019-04-21 21:56:22'),(1183,263,5,'21',0,0,1,'2019-04-21 21:56:23','2019-04-21 21:56:22'),(1184,264,1,'101',0,0,1,'2019-04-21 21:56:23','2019-04-21 21:56:23'),(1185,264,2,'7',0,0,1,'2019-04-21 21:56:23','2019-04-21 21:56:23'),(1186,264,3,'11',0,0,1,'2019-04-21 21:56:23','2019-04-21 21:56:23'),(1187,264,4,'15',0,0,1,'2019-04-21 21:56:23','2019-04-21 21:56:23'),(1188,264,5,'21',0,0,1,'2019-04-21 21:56:23','2019-04-21 21:56:23'),(1189,265,1,'101',0,0,1,'2019-04-21 21:56:23','2019-04-21 21:56:23'),(1190,265,2,'7',0,0,1,'2019-04-21 21:56:23','2019-04-21 21:56:23'),(1191,265,3,'11',0,0,1,'2019-04-21 21:56:23','2019-04-21 21:56:23'),(1192,265,4,'15',0,0,1,'2019-04-21 21:56:23','2019-04-21 21:56:23'),(1193,265,5,'21',0,0,1,'2019-04-21 21:56:23','2019-04-21 21:56:23'),(1194,266,1,'101\n',466,6024,1,'2019-04-21 21:57:03','2019-04-21 21:57:03'),(1195,266,2,'7\n',469,5916,1,'2019-04-21 21:57:03','2019-04-21 21:57:03'),(1196,266,3,'11\n',493,7148,1,'2019-04-21 21:57:03','2019-04-21 21:57:03'),(1197,266,4,'15\n',496,6944,1,'2019-04-21 21:57:03','2019-04-21 21:57:03'),(1198,266,5,'21\n',486,5932,1,'2019-04-21 21:57:03','2019-04-21 21:57:03'),(1199,267,1,'101\n',8,6188,1,'2019-04-21 21:57:21','2019-04-21 21:57:20'),(1200,267,2,'7\n',10,6192,1,'2019-04-21 21:57:21','2019-04-21 21:57:20'),(1201,267,3,'11\n',13,5500,1,'2019-04-21 21:57:21','2019-04-21 21:57:20'),(1202,267,4,'15\n',11,6956,1,'2019-04-21 21:57:21','2019-04-21 21:57:20'),(1203,267,5,'21\n',5,0,1,'2019-04-21 21:57:21','2019-04-21 21:57:20'),(1204,268,1,'101\n',16,7164,1,'2019-04-21 21:57:25','2019-04-21 21:57:25'),(1205,268,2,'7\n',18,6188,1,'2019-04-21 21:57:25','2019-04-21 21:57:25'),(1206,268,3,'11\n',22,7104,1,'2019-04-21 21:57:25','2019-04-21 21:57:25'),(1207,268,4,'15\n',14,5044,1,'2019-04-21 21:57:25','2019-04-21 21:57:25'),(1208,268,5,'21\n',24,6960,1,'2019-04-21 21:57:25','2019-04-21 21:57:25'),(1209,269,1,'101\n',3,0,1,'2019-04-21 21:57:25','2019-04-21 21:57:25'),(1210,269,2,'7\n',9,6188,1,'2019-04-21 21:57:25','2019-04-21 21:57:25'),(1211,269,3,'11\n',9,0,1,'2019-04-21 21:57:25','2019-04-21 21:57:25'),(1212,269,4,'15\n',13,6976,1,'2019-04-21 21:57:25','2019-04-21 21:57:25'),(1213,269,5,'21\n',24,5496,1,'2019-04-21 21:57:25','2019-04-21 21:57:25'),(1214,270,1,'101\n',10,6184,1,'2019-04-21 21:57:26','2019-04-21 21:57:25'),(1215,270,2,'7\n',14,5464,1,'2019-04-21 21:57:26','2019-04-21 21:57:25'),(1216,270,3,'11\n',16,7260,1,'2019-04-21 21:57:25','2019-04-21 21:57:25'),(1217,270,4,'15\n',17,7168,1,'2019-04-21 21:57:25','2019-04-21 21:57:25'),(1218,270,5,'21\n',16,5972,1,'2019-04-21 21:57:25','2019-04-21 21:57:25'),(1219,271,1,'101\n',13,6328,1,'2019-04-21 21:57:26','2019-04-21 21:57:25'),(1220,271,2,'7\n',11,5968,1,'2019-04-21 21:57:26','2019-04-21 21:57:25'),(1221,271,3,'11\n',14,6204,1,'2019-04-21 21:57:26','2019-04-21 21:57:25'),(1222,271,4,'15\n',14,6196,1,'2019-04-21 21:57:26','2019-04-21 21:57:25'),(1223,271,5,'21\n',18,7240,1,'2019-04-21 21:57:26','2019-04-21 21:57:25'),(1224,272,1,'101\n',0,0,1,'2019-04-21 21:57:26','2019-04-21 21:57:25'),(1225,272,2,'7\n',2,0,1,'2019-04-21 21:57:26','2019-04-21 21:57:25'),(1226,272,3,'11\n',22,6072,1,'2019-04-21 21:57:26','2019-04-21 21:57:25'),(1227,272,4,'15\n',16,5060,1,'2019-04-21 21:57:26','2019-04-21 21:57:25'),(1228,272,5,'21\n',12,6184,1,'2019-04-21 21:57:26','2019-04-21 21:57:25'),(1229,273,1,'101\n',20,6892,1,'2019-04-21 21:57:26','2019-04-21 21:57:25'),(1230,273,2,'7\n',17,7160,1,'2019-04-21 21:57:26','2019-04-21 21:57:25'),(1231,273,3,'11\n',19,5500,1,'2019-04-21 21:57:26','2019-04-21 21:57:25'),(1232,273,4,'15\n',18,7036,1,'2019-04-21 21:57:26','2019-04-21 21:57:25'),(1233,273,5,'21\n',19,5124,1,'2019-04-21 21:57:26','2019-04-21 21:57:25'),(1234,274,1,'101\n',223,26700,1,'2019-04-21 21:58:20','2019-04-21 21:58:19'),(1235,274,2,'7\n',198,26644,1,'2019-04-21 21:58:20','2019-04-21 21:58:19'),(1236,274,3,'11\n',184,26968,1,'2019-04-21 21:58:20','2019-04-21 21:58:19'),(1237,274,4,'15\n',196,26708,1,'2019-04-21 21:58:20','2019-04-21 21:58:19'),(1238,274,5,'21\n',188,26512,1,'2019-04-21 21:58:20','2019-04-21 21:58:19'),(1239,275,1,'101\n',223,26852,1,'2019-04-21 21:58:45','2019-04-21 21:58:45'),(1240,275,2,'7\n',241,26728,1,'2019-04-21 21:58:45','2019-04-21 21:58:45'),(1241,275,3,'11\n',250,26900,1,'2019-04-21 21:58:45','2019-04-21 21:58:45'),(1242,275,4,'15\n',242,27008,1,'2019-04-21 21:58:45','2019-04-21 21:58:45'),(1243,275,5,'21\n',254,26724,1,'2019-04-21 21:58:45','2019-04-21 21:58:45'),(1244,276,1,'101\n',194,27080,1,'2019-04-21 22:02:48','2019-04-21 22:02:48'),(1245,276,2,'7\n',195,26928,1,'2019-04-21 22:02:48','2019-04-21 22:02:48'),(1246,276,3,'11\n',193,27000,1,'2019-04-21 22:02:48','2019-04-21 22:02:48'),(1247,276,4,'15\n',215,27056,1,'2019-04-21 22:02:48','2019-04-21 22:02:48'),(1248,276,5,'21\n',217,26916,1,'2019-04-21 22:02:48','2019-04-21 22:02:48'),(1249,277,1,'101 \n',203,26776,1,'2019-04-21 22:03:03','2019-04-21 22:03:03'),(1250,277,2,'7 \n',206,26956,1,'2019-04-21 22:03:03','2019-04-21 22:03:03'),(1251,277,3,'11 \n',199,26832,1,'2019-04-21 22:03:03','2019-04-21 22:03:03'),(1252,277,4,'15 \n',211,26900,1,'2019-04-21 22:03:03','2019-04-21 22:03:03'),(1253,277,5,'21 \n',197,26676,1,'2019-04-21 22:03:03','2019-04-21 22:03:03'),(1254,279,1,' 1100\n',226,26780,7,'2019-04-21 22:03:40','2019-04-21 22:03:40'),(1255,279,2,' 34\n',217,26508,7,'2019-04-21 22:03:40','2019-04-21 22:03:40'),(1256,279,3,' 56\n',219,26816,7,'2019-04-21 22:03:40','2019-04-21 22:03:40'),(1257,279,4,' 78\n',205,26216,7,'2019-04-21 22:03:40','2019-04-21 22:03:40'),(1258,279,5,' 1011\n',204,26792,7,'2019-04-21 22:03:40','2019-04-21 22:03:40'),(1259,280,1,'\n101\n',201,26752,3,'2019-04-21 22:03:55','2019-04-21 22:03:55'),(1260,280,2,'\n7\n',206,26788,3,'2019-04-21 22:03:55','2019-04-21 22:03:55'),(1261,280,3,'\n11\n',185,26660,3,'2019-04-21 22:03:55','2019-04-21 22:03:55'),(1262,280,4,'\n15\n',196,26328,3,'2019-04-21 22:03:55','2019-04-21 22:03:55'),(1263,280,5,'\n21\n',218,26724,3,'2019-04-21 22:03:55','2019-04-21 22:03:55'),(1264,281,1,'101\n\n',181,26156,1,'2019-04-21 22:04:15','2019-04-21 22:04:15'),(1265,281,2,'7\n\n',189,26584,1,'2019-04-21 22:04:15','2019-04-21 22:04:15'),(1266,281,3,'11\n\n',212,26748,1,'2019-04-21 22:04:15','2019-04-21 22:04:15'),(1267,281,4,'15\n\n',170,26776,1,'2019-04-21 22:04:15','2019-04-21 22:04:15'),(1268,281,5,'21\n\n',212,26532,1,'2019-04-21 22:04:15','2019-04-21 22:04:15'),(1269,284,1,'Exception in thread \"main\" java.lang.Exception\n	at Main.main(Main.java:5)\n',155,24436,4,'2019-04-21 22:06:16','2019-04-21 22:06:16'),(1270,284,2,'Exception in thread \"main\" java.lang.Exception\n	at Main.main(Main.java:5)\n',157,24108,4,'2019-04-21 22:06:16','2019-04-21 22:06:16'),(1271,284,3,'Exception in thread \"main\" java.lang.Exception\n	at Main.main(Main.java:5)\n',168,24092,4,'2019-04-21 22:06:16','2019-04-21 22:06:16'),(1272,284,4,'Exception in thread \"main\" java.lang.Exception\n	at Main.main(Main.java:5)\n',170,24744,4,'2019-04-21 22:06:16','2019-04-21 22:06:16'),(1273,284,5,'Exception in thread \"main\" java.lang.Exception\n	at Main.main(Main.java:5)\n',165,24444,4,'2019-04-21 22:06:16','2019-04-21 22:06:16'),(1274,285,1,'101',0,0,1,'2019-04-22 00:37:17','2019-04-22 00:37:17'),(1275,285,2,'7',0,0,1,'2019-04-22 00:37:17','2019-04-22 00:37:17'),(1276,285,3,'11',0,0,1,'2019-04-22 00:37:17','2019-04-22 00:37:17'),(1277,285,4,'15',0,0,1,'2019-04-22 00:37:17','2019-04-22 00:37:17'),(1278,285,5,'21',0,0,1,'2019-04-22 00:37:17','2019-04-22 00:37:17'),(1279,286,1,'101\n',290,26912,1,'2019-04-22 00:37:26','2019-04-22 00:37:26'),(1280,286,2,'7\n',290,27104,1,'2019-04-22 00:37:26','2019-04-22 00:37:26'),(1281,286,3,'11\n',298,26780,1,'2019-04-22 00:37:26','2019-04-22 00:37:26'),(1282,286,4,'15\n',299,26592,1,'2019-04-22 00:37:26','2019-04-22 00:37:26'),(1283,286,5,'21\n',296,26812,1,'2019-04-22 00:37:26','2019-04-22 00:37:26'),(1284,287,1,'\n101\n',225,26784,3,'2019-04-22 00:37:51','2019-04-22 00:37:51'),(1285,287,2,'\n7\n',198,26704,3,'2019-04-22 00:37:51','2019-04-22 00:37:51'),(1286,287,3,'\n11\n',232,26688,3,'2019-04-22 00:37:51','2019-04-22 00:37:51'),(1287,287,4,'\n15\n',200,26728,3,'2019-04-22 00:37:51','2019-04-22 00:37:51'),(1288,287,5,'\n21\n',199,26852,3,'2019-04-22 00:37:51','2019-04-22 00:37:51');
/*!40000 ALTER TABLE `testcase_result` ENABLE KEYS */;
UNLOCK TABLES;

--
-- Table structure for table `up`
--

DROP TABLE IF EXISTS `up`;
/*!40101 SET @saved_cs_client     = @@character_set_client */;
/*!40101 SET character_set_client = utf8 */;
CREATE TABLE `up` (
  `id` int(11) NOT NULL AUTO_INCREMENT,
  `type_id` int(11) DEFAULT NULL COMMENT '博客或评论的id',
  `type` int(11) DEFAULT NULL COMMENT '0博客1评论',
  `user_id` int(11) DEFAULT NULL,
  `status` tinyint(1) DEFAULT '1' COMMENT '1已赞0取消',
  `create_time` datetime DEFAULT CURRENT_TIMESTAMP,
  `update_time` datetime DEFAULT CURRENT_TIMESTAMP ON UPDATE CURRENT_TIMESTAMP,
  PRIMARY KEY (`id`)
) ENGINE=InnoDB AUTO_INCREMENT=70 DEFAULT CHARSET=utf8;
/*!40101 SET character_set_client = @saved_cs_client */;

--
-- Dumping data for table `up`
--

LOCK TABLES `up` WRITE;
/*!40000 ALTER TABLE `up` DISABLE KEYS */;
INSERT INTO `up` VALUES (35,43,1,1,0,'2019-02-01 02:17:40','2019-02-01 13:22:44'),(36,41,1,1,1,'2019-02-01 02:17:43','2019-02-16 00:56:36'),(37,42,1,1,1,'2019-02-01 02:17:43','2019-02-16 00:56:37'),(38,11,0,1,1,'2019-02-01 02:17:44','2019-02-16 00:56:34'),(39,11,0,2,0,'2019-02-01 02:18:18','2019-02-01 02:25:37'),(40,41,1,2,0,'2019-02-01 02:25:42','2019-02-01 13:22:04'),(41,42,1,2,0,'2019-02-01 02:25:43','2019-02-01 13:22:02'),(42,43,1,2,0,'2019-02-01 02:25:43','2019-02-01 13:22:03'),(43,7,0,1,1,'2019-02-01 13:00:27','2019-02-01 13:23:41'),(44,35,1,1,0,'2019-02-01 13:00:38','2019-02-15 18:30:34'),(45,36,1,1,0,'2019-02-01 13:00:39','2019-02-01 13:23:32'),(46,40,1,1,0,'2019-02-01 13:00:43','2019-02-01 13:23:36'),(47,39,1,1,0,'2019-02-01 13:00:44','2019-02-01 13:23:35'),(48,38,1,1,0,'2019-02-01 13:00:44','2019-02-01 13:23:34'),(49,37,1,1,0,'2019-02-01 13:00:45','2019-02-01 13:23:33'),(50,7,1,1,1,'2019-02-01 22:30:16','2019-02-17 01:02:50'),(51,5,1,1,0,'2019-02-01 22:32:25','2019-02-17 01:02:50'),(52,5,0,1,1,'2019-02-01 22:32:33','2019-02-17 01:02:58'),(53,50,1,1,0,'2019-02-01 22:48:12','2019-02-01 23:39:43'),(54,28,1,1,0,'2019-02-02 00:23:40','2019-02-14 23:54:26'),(55,11,1,1,1,'2019-02-02 14:42:42','2019-02-02 14:42:42'),(56,10,1,1,1,'2019-02-02 14:42:43','2019-02-02 14:42:43'),(57,8,0,1,0,'2019-02-13 15:31:33','2019-02-13 15:31:38'),(58,52,1,1,0,'2019-02-16 00:59:38','2019-04-21 22:22:19'),(59,51,1,1,0,'2019-03-22 20:43:36','2019-04-21 22:22:20'),(60,57,1,35,1,'2019-03-24 23:13:16','2019-03-24 23:13:16'),(61,24,0,35,1,'2019-03-24 23:13:18','2019-03-24 23:13:18'),(62,57,1,1,1,'2019-03-24 23:13:46','2019-03-24 23:13:46'),(63,24,0,1,1,'2019-03-24 23:13:49','2019-04-22 00:35:56'),(64,6,1,1,1,'2019-03-25 00:49:56','2019-03-25 00:49:56'),(65,6,0,1,1,'2019-03-25 00:49:56','2019-03-25 00:49:56'),(66,17,1,1,1,'2019-03-25 00:49:59','2019-03-25 00:49:59'),(67,27,0,1,1,'2019-04-21 22:10:52','2019-05-03 15:26:17'),(68,12,0,1,0,'2019-04-21 22:22:16','2019-04-21 22:23:39'),(69,58,1,1,1,'2019-04-22 00:36:09','2019-04-22 00:36:09');
/*!40000 ALTER TABLE `up` ENABLE KEYS */;
UNLOCK TABLES;

--
-- Table structure for table `user`
--

DROP TABLE IF EXISTS `user`;
/*!40101 SET @saved_cs_client     = @@character_set_client */;
/*!40101 SET character_set_client = utf8 */;
CREATE TABLE `user` (
  `id` int(11) NOT NULL AUTO_INCREMENT,
  `username` varchar(25) DEFAULT NULL COMMENT '账号',
  `password` varchar(128) DEFAULT NULL COMMENT '密码',
  `name` varchar(15) DEFAULT NULL COMMENT '昵称',
  `mood` varchar(255) DEFAULT NULL COMMENT '心情',
  `avatar` varchar(500) DEFAULT NULL COMMENT '头像',
  `flag` int(11) DEFAULT '0' COMMENT '0　已激活　1冻结　2　已删除',
  `sex` char(2) DEFAULT NULL COMMENT '性别',
  `email` varchar(30) DEFAULT NULL COMMENT '邮箱',
  `phone` varchar(15) DEFAULT NULL COMMENT '手机',
  `school` varchar(20) DEFAULT NULL COMMENT '学校',
  `sign_count` int(11) DEFAULT '0' COMMENT '签到次数',
  `submit_count` int(11) DEFAULT '0' COMMENT '提交次数',
  `solution_count` int(11) DEFAULT '0' COMMENT '解决问题数',
  `ac_count` int(11) DEFAULT '0' COMMENT '通过次数',
  `tle_count` int(11) DEFAULT '0' COMMENT '超时次数',
  `pe_count` int(11) DEFAULT '0' COMMENT '格式错误次数',
  `me_count` int(11) DEFAULT '0' COMMENT '内存超限次数',
  `ce_count` int(11) DEFAULT '0' COMMENT '编译错误次数',
  `re_count` int(11) DEFAULT '0' COMMENT '运行时错误次数',
  `wa_count` int(11) DEFAULT '0' COMMENT '答案错误次数',
  `gold_count` int(11) DEFAULT '0' COMMENT '金币数',
  `rating` int(11) DEFAULT '0' COMMENT '评级',
  `last_login_time` datetime DEFAULT NULL COMMENT '最后登录时间',
  `create_time` datetime DEFAULT CURRENT_TIMESTAMP,
  `update_time` datetime DEFAULT CURRENT_TIMESTAMP ON UPDATE CURRENT_TIMESTAMP,
  PRIMARY KEY (`id`),
  UNIQUE KEY `username` (`username`),
  UNIQUE KEY `user_name_uindex` (`name`)
) ENGINE=InnoDB AUTO_INCREMENT=36 DEFAULT CHARSET=utf8;
/*!40101 SET character_set_client = @saved_cs_client */;

--
-- Dumping data for table `user`
--

LOCK TABLES `user` WRITE;
/*!40000 ALTER TABLE `user` DISABLE KEYS */;
INSERT INTO `user` VALUES (1,'969130721','$2a$10$Z.Fsd5siXwl/nd1owg9NnOMCZHmeKTePG6ygCCb/7/n5Rv//ERhOi','君の名は~','我只是一个Java的狂热者哦！！！','http://file.gkuoj.com/image/969130721/84d90993-fb4e-40ef-b3af-547b55d2fb61.jpg',0,'男','969130721@qq.com','123456789','广东科技学院',0,133,4,82,0,2,0,9,34,6,2,50,NULL,'2018-12-17 17:16:27','2019-05-04 14:54:04'),(2,'123456','$2a$10$palSi6U7pvz/SEzXzWf2OuoIXYZHUuOH1c1rbtTm4bjc8smHyV1wC','五五开','我没有开挂!!!!','http://file.gkuoj.com/image/123456/55.jpeg',0,'男','123456@qq.com','123123123','清华大学',0,3,2,3,0,0,0,0,0,0,2,30,NULL,'2019-01-16 18:44:23','2019-03-25 00:44:56'),(3,'007','','詹姆斯高斯林','123123','http://file.gkuoj.com/image/007/007.jpg',0,'男','123123','123123','MIT',0,0,0,0,0,0,0,0,0,0,0,0,NULL,'2019-01-29 22:14:05','2019-03-17 22:11:22'),(4,'008','$2a$10$Y/DSpdZsvqou1D./253y8OemJvJCp0gqgtzD0De1PEKfO18HudusO','玩具','我是玩具','http://file.gkuoj.com/image/wj/wj.jpg',0,'男','12313123','131231232','',0,0,0,0,0,0,0,0,0,0,0,0,NULL,'2019-01-29 22:14:05','2019-03-22 18:04:14'),(5,'fei','$2a$10$l7pEZQ6YZwV4GVVlgFFR6OH5Na0Jb.jWloCy5XuWyPBHcyWrDO8D6','润发飞','我是银行仔1231231231213213','http://file.gkuoj.com/image/fei/fb4eb6dd-15ce-4c43-879a-fab48aff436a.jpg',0,'女','12321312312312312','','123123123',0,0,0,0,0,0,0,0,0,0,0,0,NULL,'2019-01-30 23:03:56','2019-03-18 00:04:39'),(6,'sb1','$2a$10$GLqfnCA.ixjLeuHbHllBTuIrcXpnyKFlrRTYrdrjUPNEpNq69/uDm','sb1','我是sb1','http://file.gkuoj.com/image/sb1/89fb24d5-63a7-452d-8a51-bce338d9cb4b.jpeg',0,'男','123131','','',0,0,0,0,0,0,0,0,0,0,0,0,NULL,'2019-02-02 17:26:28','2019-03-24 23:34:34'),(8,'sb3','$2a$10$GLqfnCA.ixjLeuHbHllBTuIrcXpnyKFlrRTYrdrjUPNEpNq69/uDm','sb3','','http://file.gkuoj.com/image/sb3/ecee3256-ee18-45cd-8c69-0a744fd480e5.png',0,'男','12312312312','','',0,0,0,0,0,0,0,0,0,0,0,0,NULL,'2019-02-02 17:28:20','2019-05-04 01:44:45'),(19,'Ming','$2a$10$Twq9dhH9eZPjXvpVGDftNe2KbtDcO22TSoPGwi1wyNxJNnGkp.f9C','1549881659450','','http://file.gkuoj.com/image/Ming/e5ad745c-249d-4447-a4b5-a1c0da4d6c80.png',0,'男','154109511@qq.com','23132433242','',0,0,0,0,0,0,0,0,0,0,0,0,NULL,'2019-02-11 18:40:59','2019-03-24 10:41:30'),(32,'0080','$2a$10$K9gwqH7snP02.i66meFwoulLqz7kCtcwoGyRfIDftRwFAM3JBpZce','玩具123','我是玩具','http://file.gkuoj.com/image/0080/092c572b-b919-4302-9a03-66aa70259d6c.png',0,'男','m96913072123121@163.com','12312312312','',0,0,0,0,0,0,0,0,0,0,0,0,NULL,'2019-03-17 14:52:38','2019-03-24 23:34:43'),(33,'154109511','$2a$10$GthQsWoFlCN0gtYD3g1BBudX2tiLTZ.wO3YxqRW4aLeykbKtLDg56','大声道撒多撒多','',NULL,0,'女','asdasdsadas','asdasd','asdasdada',0,0,0,0,0,0,0,0,0,0,0,0,NULL,'2019-03-17 20:57:39','2019-03-22 14:46:42'),(34,'123123123','$2a$10$ehHkY6P8NMjTmyjhy0koyO66bsEBGZhKrYLJESNpN3K32odtSClTS','123213','12321312','http://file.gkuoj.com/image/123123123/975c0e2c-12f6-4267-9f5e-805028df3681.jpg',0,'男','31312321312','321312','',0,0,0,0,0,0,0,0,0,0,0,0,NULL,'2019-03-17 20:59:32','2019-03-22 15:49:56'),(35,'cls','$2a$10$7.Ru2hlXmqFXc7kUamAKb.lIx3O8v3LSggeN23CatWknnnP36Runq','WJMZBMR','我好弱啊','http://file.gkuoj.com/image/cls/3637d846-eed1-401c-8101-40f275e512b6.jpg',0,'男','123@qq.com','123','清华大学',0,1,1,1,0,0,0,0,0,0,1,10,NULL,'2019-03-24 23:08:42','2019-03-25 00:39:37');
/*!40000 ALTER TABLE `user` ENABLE KEYS */;
UNLOCK TABLES;

--
-- Table structure for table `user_role`
--

DROP TABLE IF EXISTS `user_role`;
/*!40101 SET @saved_cs_client     = @@character_set_client */;
/*!40101 SET character_set_client = utf8 */;
CREATE TABLE `user_role` (
  `id` int(11) NOT NULL AUTO_INCREMENT,
  `user_id` int(11) DEFAULT NULL COMMENT '用户id',
  `role_id` int(11) DEFAULT NULL COMMENT '角色id',
  `create_time` datetime DEFAULT CURRENT_TIMESTAMP,
  `update_time` datetime DEFAULT CURRENT_TIMESTAMP ON UPDATE CURRENT_TIMESTAMP,
  PRIMARY KEY (`id`)
) ENGINE=InnoDB AUTO_INCREMENT=107 DEFAULT CHARSET=utf8;
/*!40101 SET character_set_client = @saved_cs_client */;

--
-- Dumping data for table `user_role`
--

LOCK TABLES `user_role` WRITE;
/*!40000 ALTER TABLE `user_role` DISABLE KEYS */;
INSERT INTO `user_role` VALUES (6,33,1,'2019-03-17 20:57:39','2019-03-17 20:57:39'),(18,2,2,'2019-03-17 22:10:30','2019-03-17 22:10:30'),(41,34,2,'2019-03-18 00:18:38','2019-03-18 00:18:38'),(47,3,2,'2019-03-23 23:36:22','2019-03-23 23:36:22'),(61,4,2,'2019-03-23 23:51:55','2019-03-23 23:51:55'),(62,5,2,'2019-03-23 23:51:58','2019-03-23 23:51:58'),(63,30,1,'2019-03-23 23:53:09','2019-03-23 23:53:09'),(80,19,2,'2019-03-24 10:41:30','2019-03-24 10:41:30'),(88,35,1,'2019-03-24 23:12:20','2019-03-24 23:12:20'),(92,6,2,'2019-03-24 23:34:34','2019-03-24 23:34:34'),(93,32,1,'2019-03-24 23:34:43','2019-03-24 23:34:43'),(102,8,2,'2019-05-02 19:48:53','2019-05-02 19:48:53'),(106,1,1,'2019-05-02 19:54:28','2019-05-02 19:59:06');
/*!40000 ALTER TABLE `user_role` ENABLE KEYS */;
UNLOCK TABLES;
/*!40103 SET TIME_ZONE=@OLD_TIME_ZONE */;

/*!40101 SET SQL_MODE=@OLD_SQL_MODE */;
/*!40014 SET FOREIGN_KEY_CHECKS=@OLD_FOREIGN_KEY_CHECKS */;
/*!40014 SET UNIQUE_CHECKS=@OLD_UNIQUE_CHECKS */;
/*!40101 SET CHARACTER_SET_CLIENT=@OLD_CHARACTER_SET_CLIENT */;
/*!40101 SET CHARACTER_SET_RESULTS=@OLD_CHARACTER_SET_RESULTS */;
/*!40101 SET COLLATION_CONNECTION=@OLD_COLLATION_CONNECTION */;
/*!40111 SET SQL_NOTES=@OLD_SQL_NOTES */;

-- Dump completed on 2019-05-09 17:06:56
